Query_UniProt_ID,Target_UniProt_ID,RMSD,num_of_conformers
Q9YBL2,Q9YBL2,0.36,4
Q02323,Q02323,0.92,3
Q86T24,Q86T24,0.8,3
P33764,P33764,0.81,5
Q8P8J2,Q8P8J2,0.89,13
Q9H2G2,Q9H2G2,0.38,4
Q1GNW5,Q1GNW5,0.76,3
Q16CN9,Q16CN9,0.17,2
A0A140N6S1,P76621,0.31,2
P70994,P70994,0.15,2
P60906,P60906,0.77,4
Q51487,Q51487,0.73,2
P40121,P40121,0.83,2
P42321,P42321,0.58,9
P38940,P38940,0.85,4
P33022,C3T3U2,0.82,4
O43252,O43252,0.46,2
Q46822,Q46822,0.4,12
O96693,O96693,0.48,2
Q6BF16,Q6BF16,0.95,2
Q9RIM2,Q9RIM2,0.34,2
Q9I4V0,Q9I4V0,0.18,2
Q86C09,Q86C09,0.94,8
P01594,P01594,0.73,2
Q9X4B7,Q9X4B7,0.41,3
P0A809,P0A809,0.72,2
Q13WK4,Q13WK4,0.32,5
O33199,O33199,0.57,5
Q05603,Q05603,0.93,34
Q9I5I9,Q9I5I9,0.5,4
Q8BGG7,Q8BGG7,0.99,3
Q12390,Q12390,0.41,2
Q5L3Y2,Q5L3Y2,0.8,3
P29401,P29401,0.39,7
Q6SJY7,Q6SJY7,0.72,5
Q194T1,Q194T1,0.14,3
Q9FK51,Q9FK51,0.78,5
P9WPX7,P9WPX7,0.75,3
D3W065,D3W065,0.2,3
P17493,P17493,0.73,3
Q8VQN0,Q8VQN0,0.63,2
Q04230,Q04230,0.78,5
A1E4A3,A1E4A3,0.33,8
Q5LLW6,Q5LLW6,0.46,3
P55984,P55984,0.38,2
P13744,P13744,0.58,2
Q980M3,Q980M3,0.43,2
P16622,P16622,0.3,2
P94951,P94951,0.36,7
no/data,P75823,0.55,5
Q813T7,Q813T7,0.37,2
P07003,P07003,0.73,2
Q6WY08,Q6WY08,0.74,4
P08203,P08203,0.16,2
Q9K0L9,Q9K0L9,0.52,3
Q9KQT7,Q9KQT7,0.7,2
Q8KLP4,Q8KLP4,0.63,2
Q92ZS5,Q92ZS5,0.64,2
B6SEG5,B6SEG5,0.62,2
P22340,P22340,0.23,2
Q9FD87,Q9FD87,0.59,5
P22759,P22759,0.43,3
P0AER0,P0AER0,0.36,4
Q9PIK2,Q9PIK2,0.21,2
F8TRX0,F8TRX0,0.28,2
Q9HYN5,Q9HYN5,0.63,20
P52565,P52565,0.3,2
Q3JVJ9,A0A0E1U3Z8,0.5,2
Q1X6M4,Q1X6M4,0.25,2
P9WNX5,P9WNX5,0.65,2
Q92ZP9,Q92ZP9,0.36,2
P56533,P56533,0.43,2
no/data,A0A0H3JTP0,0.72,2
Q9I4W3,Q9I4W3,0.46,5
Q1GLV3,Q1GLV3,0.2,2
Q9JM14,Q9JM14,0.3,2
P20906,P20906,0.7,35
P76469,P76469,0.47,2
B1PND0,B1PND0,0.4,3
P95417,P95417,0.49,2
P20591,P20591,1.0,2
P19665,P19665,0.59,2
O00429,O00429,0.78,3
P9WNE5,A5U9H0,0.49,3
no/data,no/data,0.67,2
O15648,O15648,0.81,2
P12063,P12063,0.21,2
P76541,P76541,0.92,3
Q183G9,Q183G9,0.3,2
Q194T1,P06820,0.84,15
Q9CED0,Q9CED0,0.43,6
Q5I3E5,Q5I3E5,0.57,2
P17109,P17109,0.54,3
B6YXQ1,B6YXQ1,0.37,2
P12572,P35936,0.92,2
Q72HI0,P83818,0.28,5
G9MBV2,G9MBV2,0.77,6
P36959,P36959,0.69,2
Q92RW4,Q92RW4,0.31,2
Q7SIE9,Q7SIE9,0.96,2
Q8GS38,Q8GS38,0.33,2
C7MT25,C7MT25,0.74,3
Q5KYB2,Q5KYB2,0.78,2
P20582,P20582,0.45,3
P23367,P23367,0.78,5
P46883,P46883,0.52,16
Q1R9C1,E2QPF5,0.49,2
P18654,P51812,0.75,3
Q29437,Q29437,0.51,2
Q14145,Q14145,0.45,2
A0A0H3HP34,Q3JQY0,0.47,2
Q08649,Q08649,0.3,5
Q8GMG0,Q8GMG0,0.46,6
D2YW43,D2YW43,0.94,2
P33317,P33317,0.51,2
P06968,P06968,0.64,10
Q8UWK4,Q8UWK4,0.3,2
P9WP01,P9WP01,0.98,5
Q7M1T4,Q7M1T4,0.75,5
Q9H8M5,Q9H8M5,0.56,2
B6DMH6,B6DMH6,0.78,5
O25096,O25096,0.6,2
Q8A712,Q8A712,0.38,3
Q6TUJ5,Q6TUJ5,0.58,5
P77444,P77444,0.42,5
B4EY22,B4EY22,0.37,2
P0A7D7,P0A7D7,0.6,2
G7CBN9,G7CBN9,0.42,2
Q9H9B1,Q9H9B1,0.57,2
Q2L887,Q2L887,0.89,2
P0DMS0,P0DMS0,0.76,2
E9AW84,E9AW84,0.29,3
P9WKZ3,P9WKZ3,0.65,2
Q96EK6,Q96EK6,0.87,5
no/data,Q2GKC7,0.48,2
Q9ZIV5,Q9ZIV5,0.7,12
Q8GGH0,Q8GGH0,0.52,2
Q58987,Q58987,0.47,2
Q4QMM5,P26093,0.46,9
Q8YNV6,Q8YNV6,0.16,2
P68261,P68261,0.98,3
Q8E369,Q8E369,0.55,2
Q8E9X9,Q8E9X9,0.55,3
O05207,O05207,0.26,2
Q3XZW8,Q3XZW8,0.52,3
P09104,P09104,0.79,9
A4X3Q0,A4X3Q0,0.44,4
P34945,P34945,0.73,3
Q8KHZ8,Q8KHZ8,0.41,3
Q582G4,Q582G4,0.23,2
no/data,no/data,0.3,7
P9WJJ3,P9WJJ3,0.84,6
P0A7E5,P0A7E5,0.85,2
P05042,P05042,0.48,7
A0QQG1,A0QQG1,0.29,2
P00175,P00175,0.92,9
P79734,G1K2L5,0.85,2
Q9M8R4,Q9M8R4,0.53,3
Q94G59,Q94G59,0.31,2
Q53W82,Q53W82,0.34,5
Q88RE7,Q88RE7,0.23,2
Q9Y275,Q9Y275,0.59,2
Q96YK6,Q96YK6,0.52,3
O34667,O34667,0.35,7
P22629,P22629,0.59,3
Q46AN5,Q46AN5,0.89,4
P22414,P22414,0.92,2
Q396C9,Q396C9,0.67,10
Q46393,Q46393,0.76,2
Q9K1N1,Q9K1N1,0.16,2
Q46509,Q46509,0.19,6
Q1PX48,Q1PX48,0.32,4
O93874,O93874,0.75,6
Q60099,Q60099,0.48,4
Q4A6K4,Q4A6K4,0.47,2
A1JTG0,A1JTG0,0.87,2
O58323,O58323,0.68,3
Q5SFD1,Q5SFD1,0.47,3
D5AV08,D5AV08,0.17,2
A5JTM5,A5JTM5,0.13,2
A1ILL9,A1ILL9,0.75,4
Q7NZ90,Q7NZ90,0.69,2
Q08698,Q08698,0.48,4
P0A6L2,P0A6L2,0.34,5
O52806,O52806,0.53,3
P05046,P05046,0.58,4
P61517,P61517,0.85,4
Q6B0I6,Q6B0I6,0.34,4
D0VX14,D0VX14,0.36,2
Q75WH8,Q75WH8,0.56,20
Q9ZLI1,Q9ZLI1,0.27,6
A9CFJ9,A9CFJ9,0.94,2
Q88PQ6,Q88PQ6,0.72,2
P09488,P09488,0.65,5
P22535,P22535,0.4,3
Q92N93,Q92N93,0.47,2
Q9ZCW5,Q9ZCW5,0.5,2
Q9L543,Q9L543,0.29,5
Q4SMR4,Q4SMR4,0.26,3
P12493,P12497,0.98,5
Q0BRB0,Q0BRB0,0.39,2
P30711,P30711,0.56,2
P21589,P21589,0.46,3
O67503,O67503,0.45,4
Q5SLX0,Q5SLX0,0.18,2
O67198,O67198,0.6,2
Q02169,Q02169,0.62,2
Q95211,Q95211,0.44,2
B2IUW9,B2IUW9,0.87,3
Q46851,Q46851,0.5,3
P38561,P38561,0.16,2
P37610,P37610,0.35,2
O57978,O57978,0.58,11
P10807,P10807,0.77,8
P14598,P14598,0.51,2
B0F9F6,B0F9F6,0.21,2
J9PBR2,J9PBR2,0.37,3
Q6TFC6,Q6TFC6,0.27,3
P9WKK7,P9WKK7,0.72,3
P76143,P76143,0.99,4
Q3M5Z3,Q3M5Z3,0.59,2
P77541,P77541,0.9,4
P06988,P06988,0.57,4
O30297,O30297,0.76,3
I7FLU3,I7FLU3,0.91,3
P00797,P00797,0.95,3
Q739M9,Q739M9,0.42,9
C0JPK1,C0JPK1,0.84,4
Q9DCX8,Q9DCX8,0.98,5
Q9XJP3,Q9XJP3,0.15,2
P07850,P07850,0.69,6
P41407,P41407,0.79,7
Q5SJV7,Q5SJV7,0.28,2
Q9PCF4,Q9PCF4,0.25,2
Q96F10,Q96F10,0.48,2
P22973,Q9FVF8,0.28,5
Q06210,Q06210,0.64,3
P84155,P84155,0.93,4
P54999,P54999,0.62,2
P80040,P80040,0.88,7
O07897,O07897,0.85,3
I6ZUH3,I6ZUH3,0.48,2
G5ECA1,G5ECA1,0.47,2
A0A0F7R3Y0,A0A0F7R3Y0,0.32,3
Q7LLW9,Q7LLW9,0.73,2
Q2RSB2,Q2RSB2,0.95,3
P14193,P14193,0.63,3
P45850,P45850,0.45,4
P43772,P43772,0.25,2
no/data,no/data,0.37,2
P19801,P19801,0.45,5
O49235,O49235,0.84,2
no/data,no/data,0.65,2
P26788,P26788,0.22,2
no/data,no/data,0.25,3
P12851,P12851,0.28,14
Q71QF2,Q71QF2,0.21,2
P75682,P75682,0.29,5
Q39588,Q39588,0.76,2
P42861,P42861,0.47,2
Q2GA79,Q2GA79,0.4,5
Q2G189,Q2G189,0.74,2
P0CL19,P0CL19,0.37,3
Q3TCN2,Q3TCN2,0.81,2
"P05414,P20932",P20932,0.85,7
P04512,P04512,0.19,2
Q9ZUB3,Q9ZUB3,0.47,2
C3UVB0,C3UVB0,0.5,2
no/data,P77555,0.67,4
Q73WL5,"A0A0H2ZTH2,A0A0M3KKU3",0.78,2
C6KFA4,C6KFA4,0.8,2
Q833Y3,Q833Y3,0.49,2
Q9XDH5,Q9XDH5,0.35,2
P24193,A0A0H3JHA1,0.32,2
O25130,O25130,0.4,3
Q8R418,Q8R418,0.94,2
B5R541,B5R541,0.62,3
Q60187,Q60187,0.99,8
P00698,P00698,0.35,3
K7N5M0,K7N5M0,0.13,2
Q18A66,Q18A66,0.47,2
Q50497,Q50497,0.82,3
P16444,P16444,0.37,2
Q9X1X6,Q9X1X6,0.3,2
P9WQB5,P9WQB5,0.61,2
P0AE12,P0AE12,0.77,4
A5K8L9,A5K8L9,0.31,3
P0C796,P0C796,0.16,2
P32719,P32719,0.13,2
O34911,O34911,0.65,3
P14769,P14769,0.65,3
B4EXV8,B4EXV8,0.13,2
Q9F103,Q9F103,0.18,3
F9VNI5,F9VNI5,0.3,2
P51649,P51649,0.73,5
Q6XV27,Q2FCL6,0.49,7
Q59196,Q59196,0.63,3
Q9R408,Q9R408,0.5,2
A9PHH6,A9PHH6,0.51,2
P03528,P03528,0.65,3
Q04830,Q04830,0.67,6
Q9LAK3,Q9LAK3,0.8,6
Q93PP9,Q93PP9,0.48,2
P05230,P05230,0.41,2
A6BMJ3,A6BMJ3,0.25,3
P22337,P22337,0.73,6
Q9ALM8,Q9ALM8,0.36,3
O54288,O54288,0.56,5
P00502,P00502,0.4,2
Q8T4U4,Q9U6Y5,0.2,2
P13491,P13491,0.75,5
"P14941,P25984","P14941,P25984",0.58,2
Q3JLD6,Q3JLD6,0.26,2
Q56062,Q56062,0.2,2
A7XUK7,A7XUK7,0.63,2
P38937,P38937,0.8,2
P40111,P40111,0.64,2
Q9UR30,Q9UR30,0.47,3
P43099,P43099,0.92,2
Q8E972,Q8E972,0.79,2
P17256,P17256,0.88,2
Q2SZ09,Q2SZ09,0.44,2
P37146,P37146,0.34,3
Q9X266,Q9X266,0.32,5
Q5SI02,Q5SI02,0.5,17
Q0P7Y3,Q0P7Y3,0.21,4
Q9V1J7,Q9V1J7,0.71,3
Q4DA73,Q4DA73,0.54,2
P0ACX3,P0ACX3,0.3,2
Q07296,Q07296,0.53,3
Q43295,Q43295,0.62,2
"P02309,P25440",P25440,0.73,5
no/data,no/data,0.33,2
P32816,P32816,0.98,3
P05373,P05373,0.88,12
B8I944,B8I944,0.47,5
P62942,P62942,0.74,4
P94388,P94388,0.37,3
C4LXG4,C4LXG4,0.61,2
A0A0F7RMY2,A0A0F7RMY2,0.63,3
Q70AC7,Q70AC7,0.53,6
P67272,P67272,0.75,2
Q9HZ76,Q9HZ76,0.75,6
G2IKE5,G2IKE5,0.92,8
Q8RQP5,Q8RQP5,0.48,4
B8J605,B8J605,0.47,3
A0PKT3,A0PKT3,0.33,2
"O12287,Q992I2",Q992I2,0.63,3
P04183,P04183,0.28,3
P15693,P15693,0.59,2
Q7DFA3,Q7DFA3,0.31,2
Q9BXJ0,Q9BXJ0,0.61,2
P03369,P03369,0.8,5
P35630,P35630,0.44,2
P9WKE1,P9WKE1,0.83,10
Q5HFG7,Q5HFG7,0.76,2
P46107,P46107,0.48,3
P23202,P23202,0.79,8
A0A0H3K4Y8,A0A0H3K4Y8,0.87,2
Q57622,Q57622,0.23,2
O51419,O51419,0.41,2
Q58855,Q58855,0.69,2
Q3S340,Q3S340,0.37,9
P47998,P47998,0.37,2
Q8NT37,Q8NT37,0.7,2
Q96DE0,Q96DE0,0.22,2
Q5SIE3,Q5SIE3,0.59,8
Q90JJ9,A0F7J4,0.24,2
no/data,no/data,0.48,2
P75838,P75838,0.82,3
no/data,no/data,0.39,3
O32462,O32462,0.37,2
P56868,P56868,0.37,2
Q9U6Y5,Q9U6Y5,0.3,2
P31350,P31350,0.24,4
P15776,P15776,0.14,2
Q962Y6,Q962Y6,0.83,6
O59080,O59080,0.97,2
A0A075B5G8,A0A075B5G8,0.36,3
P00807,P00807,1.0,3
A0A0H3K9Y6,A0A0H3K9Y6,0.9,5
P45799,P45799,0.37,2
P91938,P91938,0.42,2
O59257,O59257,0.32,3
Q43088,Q43088,0.96,5
Q7SIC7,Q7SIC7,0.5,2
P0A6I6,P0A6I6,0.4,2
P36906,P36906,0.47,2
O67636,O67636,0.86,3
P04905,P04905,0.92,13
Q9SWE5,Q9SWE5,0.87,3
Q6DPL2,Q6DPL2,0.6,6
Q8VRK8,Q8VRK8,0.41,4
A0R5B5,A0R5B5,0.31,2
A4XF23,A4XF23,0.26,4
P04425,P04425,0.38,2
A9CH28,A9CH28,0.45,2
Q8XUA5,Q8XUA5,0.11,2
O84835,O84835,0.66,6
P50163,P50163,0.64,4
no/data,no/data,0.64,2
O06741,O06741,0.45,2
Q9VRD9,Q9VRD9,0.77,3
C0LT34,C0LT34,0.22,3
Q27546,Q27546,0.89,2
B2UCA8,B2UCA8,0.62,2
"P07061,P07062","P07061,P07062",0.77,19
O31691,O31691,0.25,2
Q8ZWV0,Q8ZWV0,0.33,4
Q2MHN7,Q2MHN7,0.5,2
Q5SLG2,Q5SLG2,0.16,3
Q01292,Q01292,0.3,2
"P0AEX9,Q9NP55","P0AEX9,Q9NP55",0.34,2
P43351,P43351,0.52,2
Q8DQK6,A0A0H2UP67,0.97,2
Q8ZL58,Q8ZL58,0.18,3
O08375,O08375,0.34,2
P23616,P23616,0.42,6
P04506,P04506,0.35,2
Q70KP4,Q70KP4,0.27,2
Q8MU52,Q8MU52,0.69,3
P83304,P83304,0.61,2
P11157,P11157,0.99,5
P27796,P27796,0.46,2
P16692,P16692,0.23,2
P77781,P77781,0.8,2
Q46707,Q79SE0,0.12,2
Q40313,Q40313,0.24,2
no/data,no/data,0.64,6
no/data,no/data,0.57,2
O66529,O66529,0.24,5
Q83WH5,Q83WH5,0.45,2
O35820,O35820,0.56,4
Q5SI82,Q5SI82,0.99,2
A0A1J9V1U0,A0A1J9V1U0,0.52,2
P0A9P4,P0A9P4,0.44,4
D6RU56,D6RU56,0.67,3
A7X435,A7X435,0.89,2
Q44244,Q44244,0.24,3
P54550,P54550,0.44,4
Q8Z6A3,Q8Z6A3,0.14,2
Q01468,Q01468,0.69,7
Q9AQ17,Q9AQ17,0.81,2
P22256,P22256,0.24,5
O94766,O94766,0.59,3
Q56691,Q56691,0.1,2
P36946,P36946,0.46,4
Q65YW7,Q65YW7,0.47,3
O59485,O59485,0.53,2
P81989,P81989,0.3,2
P40191,P40191,0.82,3
Q16849,Q16849,0.3,3
P31937,P31937,0.88,2
A0KF84,A0KF84,0.2,2
P32890,P0CK94,0.56,12
A0KF03,A0KF03,0.93,2
P22629,P22629,0.62,2
P00175,P00175,0.57,2
Q01234,Q01234,0.38,2
Q5SM06,Q5SM06,0.77,3
P06132,P06132,0.77,12
D0KT28,D0KT28,0.55,2
Q57471,Q57471,0.78,2
Q8KN66,Q8KN66,0.29,2
P72760,P72760,0.62,2
Q9RZN1,Q9RZN1,0.4,2
F2Z266,F2Z266,0.59,7
P9WM67,P9WM67,0.35,2
"A0A0H2ZUQ2,A0A0M3KKT5",Q73VV7,0.57,2
A0A0H3JP37,A0A0H3JP37,0.84,3
D1C7D8,D1C7D8,0.65,5
Q9HTZ1,Q9HTZ1,0.12,3
O93715,O93715,0.7,4
no/data,no/data,0.44,5
P33312,P33312,0.42,2
P22392,P22392,0.78,5
A1B198,A1B198,0.21,3
Q9WZV7,Q9WZV7,0.91,2
Q5EGK8,Q5EGK8,0.41,3
Q9K597,Q9K597,0.43,4
Q96C86,Q96C86,0.51,3
S4S1V9,S4S1V9,0.86,2
P00361,P00361,0.42,2
Q73PV9,Q73PV9,0.37,2
P09029,P09029,0.74,3
Q2F9Z1,Q2F9Z1,0.54,2
O58677,O58677,0.62,3
O57724,O57724,0.45,2
Q3KFK7,Q3KFK7,0.33,3
P35270,P35270,0.54,2
P50870,P50870,0.89,8
P50477,P50477,0.31,2
F0V3Z3,F0V3Z3,0.97,2
P42588,P42588,0.21,2
P23007,P23007,0.56,7
P40288,P40288,0.58,4
Q07841,Q07841,0.55,8
Q55169,Q55169,0.77,2
P21638,P21638,0.62,2
A8KRL3,A8KRL3,0.59,2
P0AAI5,P0AAI5,0.48,12
Q29U70,Q29U70,0.76,4
P0C1V0,P0C1V0,0.72,2
Q0SDB1,Q0SDB1,0.34,2
P27708,P27708,0.67,10
Q6J8I9,P06624,0.34,2
P69891,P69891,0.33,2
Q8I384,Q8I384,0.13,3
E0YCS2,E0YCS2,0.61,6
A0A0H2Z874,A0A0H2Z874,0.2,2
P08395,P08395,0.55,2
P00811,P00811,0.55,2
P56220,P56220,0.95,5
O07621,O07621,0.5,2
P45689,P45688,0.55,3
P16099,P16099,0.16,3
Q9Y924,Q9Y924,0.27,2
P25052,P25052,0.69,5
Q8I3X4,Q8I3X4,0.44,4
P11741,P11741,0.35,2
P0CD76,P0CD76,0.6,3
Q53908,Q53908,0.4,5
Q58194,Q58194,0.41,5
P07674,P07674,0.65,2
Q9AE70,Q9AE70,1.0,3
B3TMR1,B3TMR1,0.76,2
P26839,P26839,0.48,3
Q9YDW0,Q9YDW0,0.18,2
"O14684,Q16873","O14684,Q16873",0.15,2
A0A0H2X0S3,A0A0H2X0S3,0.77,6
P07649,P07649,0.64,2
Q8TG90,Q8TG90,0.55,5
Q820T1,Q820T1,0.47,2
Q8D0L3,Q8D0L3,0.37,2
Q9NVS9,Q9NVS9,0.7,2
P31434,P31434,0.63,5
Q01217,Q01217,0.74,2
Q036L9,Q036L9,0.11,2
"P28908,Q12933",Q12933,0.44,2
Q9K5F2,Q9K5F2,0.45,6
Q96YK1,Q96YK1,0.7,3
Q9BHT8,Q9BHT8,0.12,3
Q89VT8,Q89VT8,0.34,4
O07566,O07566,0.39,3
P76341,P76341,0.64,2
Q81EP4,Q81EP4,0.79,2
Q3JP15,Q2SYZ1,0.58,2
Q9ZAG3,Q9ZAG3,0.39,2
Q9KQI2,Q9KQI2,0.53,2
Q2FZP6,Q2FZP6,0.33,2
Q9KWR7,Q9KWR7,0.66,2
Q97N97,Q97N97,0.42,2
Q9XAL8,Q9XAL8,0.62,3
Q967M2,Q967M2,0.43,2
A9IH93,A9IH93,0.45,2
P66899,P66899,0.83,5
P48499,P48499,0.55,8
Q16881,Q16881,0.54,5
P27338,P27338,0.42,18
Q16968,Q16968,0.56,2
Q9LCC6,Q9LCC6,0.61,3
Q81Y15,Q81Y15,0.31,2
P20701,P20701,0.81,4
Q9FBC2,Q9FBC2,0.48,4
O27725,O27725,0.21,2
P07221,P07221,0.59,5
Q8TLY9,Q8TLY9,0.79,18
P08059,P08059,0.39,2
Q9D777,Q9D777,0.71,3
Q06592,Q06592,0.54,2
Q8TDX5,Q8TDX5,0.61,5
Q93UJ2,Q93UJ2,1.0,2
Q84EX5,Q84EX5,0.7,8
A0A011,A0A011,0.29,5
A0A0H2VDX9,A0A0H2VDX9,0.35,2
P77211,P77211,0.29,2
P0A9G4,P0A9G4,0.29,3
P52270,P52270,0.85,5
Q0A3A5,Q0A3A5,0.29,2
Q2YRG4,Q2YRG4,0.56,2
Q65914,Q65914,0.26,2
P07773,P07773,0.26,4
Q7X8Q2,Q7X8Q2,0.58,2
P00641,P00641,0.96,3
P06715,P06715,0.33,4
Q8KLT9,Q8KLT9,0.95,2
P05460,P05460,0.33,2
Q8ZNH1,Q8ZNH1,0.28,2
P56252,P56252,0.67,2
P42620,P42620,0.28,2
A4IU28,A4IU28,0.36,2
Q9R5V5,Q9R5V5,0.44,2
Q5SIT4,Q5SIT4,0.99,2
Q8ZNT7,Q8ZNT7,0.38,2
O87988,O87988,0.47,3
P30820,P30820,0.24,3
P30627,P30627,0.5,2
Q9S5E2,Q9S5E2,0.5,2
A9CP13,A9CP13,0.35,4
P73407,P73407,0.35,2
P0A2M9,P0A2M9,0.74,3
no/data,P28593,0.82,5
Q7D1T6,Q7D1T6,0.19,2
P50597,P50597,0.34,2
P9WFF7,P9WFF7,0.64,4
Q2YKV1,Q2YKV1,0.96,2
Q13PB7,Q13PB7,0.43,5
Q06S87,Q06S87,0.53,2
C0STU6,C0STU6,0.1,5
O86436,O86436,0.71,3
B0R5M0,B0R5M0,0.53,4
P29563,P29563,0.45,3
P19573,P19573,0.26,3
Q5RT80,no/data,0.98,6
P61889,P61889,0.68,6
P33221,P33221,0.73,7
Q9HZ64,Q9HZ64,0.7,2
P09616,A0A0J9X1Z2,0.58,7
Q13867,Q13867,0.58,2
Q93D82,Q93D82,0.37,3
A0A0J9X241,A0A0J9X241,0.62,5
Q4WCU5,Q4WCU5,0.15,2
A0R066,A0R066,0.24,3
Q57912,Q57912,0.72,3
O34974,O34974,0.53,2
B3PDB1,B3PDB1,0.13,2
Q7CRQ0,Q7CRQ0,0.27,3
A7IQH5,A7IQH5,0.55,2
Q9HWC1,Q9HWC1,0.95,2
P0AG18,P0AG18,0.41,6
no/data,no/data,0.76,3
Q28943,Q28943,0.5,5
C6F3U5,C6F3U5,0.7,2
P0ABF6,P0ABF6,0.24,4
Q91H09,Q91H09,0.14,2
O73983,O73983,0.21,2
P04176,P04176,0.38,2
P00720,P00720,0.22,4
H2L2M1,H2L2M1,0.31,4
Q8K4Z3,Q8K4Z3,0.53,4
no/data,no/data,0.24,3
Q9KSE5,Q9KSE5,0.18,2
Q9KK62,Q9KK62,0.4,2
P48391,P48391,0.33,2
P09622,P09622,0.26,2
Q84G06,Q84G06,0.39,3
P41367,P41367,0.45,3
Q82X47,Q82X47,0.54,4
Q9K706,Q9K706,0.78,2
P11348,P09417,0.67,3
Q8NNM1,Q8NNM1,0.72,2
Q9F1Y6,Q9F1Y6,0.64,3
B6R2Z6,B6R2Z6,0.3,2
Q8LIL0,Q8LIL0,0.53,2
Q9I509,Q9I509,0.85,3
Q887Q3,Q887Q3,0.23,2
Q5E046,Q5E046,0.58,3
P39767,P39767,0.29,8
Q16719,Q16719,0.18,2
P0ACS5,P0ACS5,0.92,2
P78417,P78417,0.51,3
P9WQB3,P9WQB3,0.25,2
P31545,Q8XAS4,0.78,4
P0AEY5,P0AEY7,0.3,2
D3U1A5,no/data,0.67,4
P07071,P07071,0.82,5
P00390,P00390,0.99,25
"P01808,P37019",P37019,0.55,16
Q9WZF7,Q9WZF7,0.66,2
P94678,P94678,0.7,3
Q8ZJN9,Q8ZJN9,0.69,2
P9WIL5,P9WIL5,1.0,5
P00651,P00651,0.41,2
Q9RM86,Q9RM86,0.63,2
A0A0H3PA01,A0A0H3PA01,0.62,5
Q40423,Q40423,0.35,2
Q8NQE1,"Q8NQE0,Q8NQE1",0.97,2
Q98GN8,Q98GN8,0.94,2
P9WGT1,P9WGT1,0.37,3
Q9LCV9,Q9LCV9,0.41,6
A3EYF7,A3EYF7,0.29,5
Q12QS6,Q12QS6,0.9,2
P35705,P35705,0.6,2
P26394,P26394,0.36,2
P77150,P77150,0.75,2
A2RJT9,A2RJT9,0.67,11
P39593,P39593,0.94,5
O32142,O32142,0.43,2
P43577,P43577,0.74,3
no/data,no/data,0.6,10
P00447,P00447,0.43,5
Q05516,Q05516,0.57,2
Q86XE5,Q86XE5,0.27,2
P00445,P00445,0.36,10
O58320,O58320,0.75,3
Q9RRU8,Q9RRU8,0.72,4
A3MSH1,A3MSH1,0.52,3
P39792,P39792,0.51,2
D3Z7P3,D3Z7P3,0.98,6
Q9ZF99,Q9ZF99,0.39,3
P36206,P36206,0.53,2
Q38242,Q38242,0.87,2
Q9ZHG9,Q9ZHG9,0.27,4
Q9WXM1,Q9WXM1,0.55,5
Q8T8E9,Q8T8E9,0.38,2
P9WGE7,P9WGE7,0.43,5
P41007,P41007,0.94,2
"P0C6V2,P0C6Y5","P0C6V2,P0C6Y5",0.89,2
Q57564,Q57564,0.58,2
P32542,"Q66729,P32542",0.17,2
Q47NQ8,Q47NQ8,0.32,3
P16544,P16544,0.74,13
Q9F8A8,Q9F8A8,0.38,9
P0AC81,P0AC81,0.31,5
P00861,P00861,0.2,2
G9MBV4,G9MBV4,0.47,3
Q9RVK2,Q9RVK2,0.67,3
L8WGI4,L8WGI4,0.39,2
D0CFC3,D0CFC3,0.38,10
Q51948,Q51948,0.23,3
Q8ZNF3,Q8ZNF3,0.37,4
H0W0T5,H0W0T5,0.84,2
P31007,P31007,0.56,3
Q72F88,Q72F88,0.57,2
Q0ABW0,Q0ABW0,0.56,2
E9JES0,E9JES0,0.65,2
Q9HU77,Q9HU77,0.37,5
no/data,no/data,0.35,3
P04010,P04010,0.41,3
P14697,P14697,0.97,3
O30298,O30298,0.95,5
Q74Y93,Q74Y93,0.51,2
P28777,P28777,0.52,2
P80702,P80702,0.26,2
Q9CPU0,Q9CPU0,0.69,4
P9WJH7,P9WJH7,0.96,4
Q8ZBK7,Q8ZBK7,0.87,2
P21179,P21179,0.81,39
Q9TQS6,Q9TQS6,0.24,4
Q5SM19,Q5SM19,0.43,5
Q9PN59,Q9PN59,0.27,2
Q4KGU2,Q4KGU2,0.2,2
Q5NU42,Q5NU42,0.27,2
Q6TEC1,Q6TEC1,0.62,6
Q5S3I3,Q5S3I3,0.94,7
C0SSE7,C0SSE7,0.18,3
Q9UBQ7,Q9UBQ7,0.87,4
O28344,O28344,0.77,3
Q9ZST4,Q9ZST4,0.31,2
Q5TLG6,Q5TLG6,0.59,2
Q8GXV5,Q8GXV5,0.44,2
B9ZW32,B9ZW32,0.61,3
Q8DNS5,Q8DNS5,0.22,2
B2UHR8,B2UHR8,0.37,4
O29883,O29883,0.51,2
P9WGW3,P9WGW3,0.65,2
P9WIC7,P9WIC7,0.77,2
P22536,P22536,0.31,2
P15309,P15309,0.75,2
P54619,P54619,0.4,4
Q8I4S1,Q8I4S1,0.57,4
P0AF03,P0AF03,0.67,2
A4VVQ2,A4VVQ2,0.21,2
Q9FDD4,Q9FDD4,0.24,3
A0A0H3KFM7,A0A0H3KFM7,0.79,2
Q9CZL5,Q9CZL5,0.18,2
A0A0H2ZTL3,Q742C8,0.75,2
Q8X1D8,Q8X1D8,0.57,9
P13376,P13376,0.49,4
"A8E0K8,P45161",P45161,0.65,4
Q9BV79,Q9BV79,0.72,2
P14697,P14697,0.94,4
A0A0H2UR34,A0A0H2UR34,0.33,3
Q9LUV2,Q9LUV2,0.33,2
Q9ZFE4,Q9ZFE4,0.63,2
Q9KAQ0,Q9KAQ0,0.52,2
Q8KNG3,Q8KNG3,0.48,3
P05187,P05187,0.39,8
Q9HUM0,Q9HUM0,0.95,11
Q5CR09,Q5CR09,0.42,2
Q03555,Q9NQX3,0.7,2
D3PPS9,D3PPS9,0.36,2
Q2YQA0,Q2YQA0,0.67,4
P9WJG3,P9WJG3,0.76,2
Q93D82,Q93D82,0.5,6
P72761,P72761,0.38,2
O94925,O94925,0.63,8
Q389T8,Q389T8,0.73,9
B5GLB3,B5GLB3,0.75,4
Q6WRH7,Q6WRH7,0.63,2
P9WNS5,P9WNS5,0.87,11
Q8ST28,Q8ST28,0.12,2
P19711,P19711,0.96,3
P9WQ77,P9WQ77,0.17,8
P12807,P12807,0.45,6
Q9W1M7,Q9W1M7,0.46,2
P05202,P05202,0.31,2
Q9X2A5,Q9X2A5,0.29,2
Q9KL03,Q9KL03,0.49,2
Q97U29,Q97U29,0.27,2
P80293,P80293,0.58,6
Q9GZT4,Q9GZT4,0.36,2
Q8IIS0,Q8IIS0,0.71,14
no/data,Q7RPE4,0.56,2
Q8TC59,Q8TC59,0.86,2
P00523,P00523,0.35,5
C4LXT9,C4LXT9,0.45,3
P42738,P42738,0.1,2
P77674,P77674,0.25,2
O32223,O32223,0.55,2
Q9P903,Q9P903,0.44,3
Q383G8,Q383G8,0.96,2
Q60GU1,Q60GU1,0.17,3
Q9RME2,Q9RME2,0.58,12
Q9X0I0,Q9X0I0,0.37,2
Q8PDA8,Q8PDA8,0.96,6
Q03243,Q03243,0.87,5
Q10588,Q10588,0.38,6
Q9F4L3,Q9F4L3,0.96,8
Q47644,Q47644,0.41,2
A0QXB7,A0QXB7,0.46,5
P07850,P07850,0.61,5
no/data,no/data,0.12,2
Q0B4G1,Q0B4G1,0.8,5
B2HP50,P9WGV1,0.49,2
Q8LGR3,Q8LGR3,0.11,2
P9WNH5,P9WNH5,0.88,3
P80099,P80099,0.77,2
P9WG81,P9WG81,0.91,2
P49435,P49435,0.72,2
A5VMB3,F8DQ39,0.4,2
Q08509,Q08509,0.56,2
P81382,P81382,0.24,2
O13297,O13297,0.47,2
P07739,P07739,0.79,2
P33981,P33981,0.72,2
O59096,O59096,0.66,3
Q8FBQ3,Q8FBQ3,0.42,2
P44868,P44868,0.41,2
P21695,P21695,0.25,2
P39641,P39641,0.35,2
Q81PP9,Q81PP9,0.23,2
Q79PF6,Q79PF6,0.5,2
Q7CSI0,Q7CSI0,0.32,5
P19446,P19446,0.76,2
B9DUT7,B9DUT7,0.45,2
P0CB53,P0CB53,0.7,9
P09546,P09546,0.87,7
Q84HI7,Q84HI7,0.89,2
Q88016,P05896,0.56,3
B9VX79,B9VX79,0.33,2
P30044,P30044,0.61,6
Q6IMN6,Q6IMN6,0.43,2
Q186I6,Q186I6,0.17,4
Q01594,Q01594,0.45,3
Q07982,Q07982,0.22,4
P11310,P11310,0.55,3
Q93TU6,Q93TU6,0.38,2
Q58VP7,Q58VP7,0.34,3
Q8L1N9,Q8L1N9,0.31,4
Q92YJ2,Q92YJ2,0.83,2
no/data,no/data,0.56,2
P0A0Z8,P0A0Z8,0.58,2
Q8X5Q7,Q8X5Q7,0.13,2
P30113,P30113,0.24,3
Q9WZC8,Q9WZC8,0.54,2
P24931,P24931,0.45,10
Q7PVS6,Q9GPL8,0.58,4
Q92T58,Q92T58,0.5,2
P0AEY3,P0AEY3,0.83,2
P0ABU5,P0ABU5,0.35,2
Q383Q5,Q383Q5,0.44,2
P13280,P13280,1.0,8
Q5SID9,Q5SID9,0.37,4
O27818,O27818,0.2,2
A1L259,A1L259,0.33,3
Q988B7,Q988B7,0.37,3
P82385,P82385,0.59,3
P10182,P10182,0.63,4
P17597,P17597,0.35,8
O34627,O34627,0.55,2
Q99584,Q99584,0.36,2
Q83XN4,Q83XN4,0.77,5
Q4CQE2,Q4CQE2,0.36,4
Q887Q3,Q887Q3,0.28,2
A0R560,A0R560,0.86,2
Q2FIA5,Q2FIA5,0.27,8
Q3SAG3,Q3SAG3,0.16,2
P35444,Q9R0G6,0.87,6
O57758,O57758,0.35,2
F0QXN6,F0QXN6,0.52,3
P03023,P03023,0.51,2
P14611,P14611,0.89,3
P32055,P32055,0.5,8
Q3JP68,Q3JP68,0.89,3
P93343,P93343,0.38,2
Q6I7B7,Q6I7B7,0.52,2
P9WH69,P9WH69,0.62,2
P19157,P19157,0.96,9
Q8X236,Q8X236,0.75,2
P9WQG9,P9WQG9,0.68,4
A1KVU8,A1KVU8,0.41,3
"D3QY10,Q9F118",B1B4V9,0.78,5
P02779,P02779,0.56,2
P9WGV3,P9WGV3,0.54,5
Q9Y9I9,Q9Y9I9,0.41,3
Q4Q7X6,Q4Q7X6,0.26,2
Q99QV3,Q99QV3,0.34,3
A5YV76,A5YV76,0.55,2
Q97W94,Q97W94,0.35,2
P15647,P15647,0.51,4
O69315,O69315,0.2,2
Q9U6Y6,Q9U6Y6,0.36,3
Q8F3Q1,Q8F3Q1,0.41,3
P52788,P52788,0.83,2
P07872,P07872,0.56,2
Q9K169,Q9K169,0.73,6
O25928,Q5G940,0.75,15
Q00022,Q00022,0.35,5
P05020,P05020,0.99,15
I3NI58,no/data,0.29,2
Q7Z4H3,Q7Z4H3,0.59,4
P77872,P77872,0.18,4
C0STY1,C0STY1,1.0,2
Q9RB47,Q9RB47,0.86,2
P27623,P27623,0.9,2
P9WIE5,P9WIE5,0.46,5
Q6QBS4,Q6QBS4,0.15,2
Q8ZJZ9,Q8ZJZ9,0.39,2
Q3JY40,Q3JY40,0.4,2
P14751,P14751,0.37,5
Q72GR8,Q72GR8,0.58,2
P0A334,P0A334,1.0,5
P12499,P12499,0.72,4
A6Q234,A6Q234,0.27,2
Q92L60,Q92L60,0.18,2
Q0SE24,Q0SE24,0.57,8
Q9U6B8,Q9U6B8,0.16,2
Q30C70,Q30C70,0.21,2
C7Z7K1,C7Z7K1,0.45,2
P31614,P31614,0.59,2
O96759,O96759,0.73,2
A6M2W4,A6M2W4,0.38,2
A1AYL4,A1AYL4,0.29,2
Q5SLA5,Q5SLA5,0.46,2
Q16555,Q16555,0.38,2
Q9HWR3,Q9HWR3,0.26,2
Q9RTX5,Q9RTX5,0.59,3
P06684,P06684,0.46,2
Q76IQ9,Q76IQ9,0.37,3
Q2YAE2,Q2YAE2,0.86,2
P55882,P55882,0.28,2
I0B503,I0B503,0.82,4
Q1QT89,Q1QT89,0.55,5
P07464,P07464,0.53,4
A0Q0N1,A0Q0N1,0.33,2
Q9RYU4,Q9RYU4,0.51,2
D5QFC5,D5QFC5,0.57,2
Q12GE3,Q12GE3,0.58,2
Q2TCH5,Q2TCH5,1.0,5
Q39172,Q39172,0.6,4
Q5NFC4,Q5NFC4,0.61,4
Q05097,Q05097,0.46,4
P10724,P10724,0.42,10
Q88QV5,Q88QV5,0.65,2
Q96AT9,Q96AT9,0.8,4
Q57977,Q57977,0.22,3
P9WFR9,P9WFR9,0.8,5
O89049,O89049,0.69,4
P97275,P97275,0.53,4
P11708,P11708,0.76,2
D0WGK0,D0WGK0,0.63,2
Q2GKM8,Q2GKM8,0.3,2
P55789,P55789,0.35,6
Q9ZGC1,Q9ZGC1,0.27,3
P19337,P19337,0.92,2
O66552,O66552,0.85,2
P10969,P10968,0.78,11
P61615,P61615,0.67,10
Q9SZ83,Q9SZ83,0.48,2
P9WQB3,P9WQB3,0.85,5
Q57843,Q57843,0.95,3
O24872,O24872,0.65,8
Q4K5A6,Q4K5A6,0.52,3
Q9FD71,Q9FD71,0.58,5
P06672,P06672,0.7,5
O59580,O59580,0.95,3
P39040,P39040,0.73,6
Q9KRE7,Q9KRE7,0.69,2
Q9HJU1,Q9HJU1,0.22,2
Q7WYF5,Q7WYF5,0.55,3
Q51225,Q51225,0.22,2
P0CH62,P0CH62,0.37,4
Q92871,Q92871,0.39,2
P28012,P28012,0.22,2
Q9FCE4,Q9FCE4,0.48,2
P00952,P00952,0.83,5
Q15274,Q15274,0.62,3
Q48485,Q48485,0.57,2
P56216,P56216,0.11,2
"P9WMK6,P9WMK7",P9WMK7,0.72,2
A5J299,A5J299,0.32,2
P9WHH9,P9WHH9,0.67,3
Q17427,Q17427,0.92,2
B2RKN6,B2RKN6,0.79,2
A0A0H2UPP7,Q8DQ16,0.75,2
P13377,P13377,0.47,2
B5CY74,B5CY74,0.37,3
Q5NGE8,Q5NGE8,0.91,4
H3JQU6,H3JQU5,0.71,4
Q8GBW6,Q8GBW6,0.66,2
Q9LAG2,Q9LAG2,0.23,2
P00816,P00816,0.38,8
P04824,P04824,0.37,3
Q9J006,Q9J006,0.35,2
O69274,O69274,0.68,5
H8YRY9,H8YRY9,0.31,3
P80457,P80457,0.96,12
Q9SE42,Q9SE42,0.33,2
Q7SIB6,Q7SIB6,0.88,39
O32445,O32445,0.58,2
L7N4Y2,O33194,0.99,2
Q57ZH3,Q57ZH3,0.88,4
P00327,P00327,0.66,23
Q5F829,Q5F829,0.93,2
P0A9M2,P0A9M2,0.53,4
P39300,P39300,0.99,2
Q6PJG0,"P0DOY2,Q6PJG0",0.62,3
Q56320,Q56320,0.2,2
A0A0H2ZIZ8,A0A0H2ZIZ8,0.49,2
D0CBC8,D0CBC8,0.26,3
O66472,O66472,0.89,4
O34714,O34714,0.5,10
P0C0V9,P0C0V9,0.56,2
P9WIU7,P9WIU7,0.51,3
Q8G8Y2,Q8G8Y2,0.16,2
O25583,O25583,0.88,2
Q9HLX1,Q9HLX1,0.89,2
Q0S4Q9,Q0S4Q9,0.18,2
Q9HV14,Q9HV14,0.5,12
O57946,O57946,0.29,5
Q9L6G4,Q9L6G4,0.35,2
Q9F5K6,Q9F5K6,0.44,2
B4E7B5,B4E7B5,0.83,2
P52002,P52002,0.62,3
O58456,O58456,0.85,29
A0A0H3KNE7,A0A0H3KNE7,0.85,3
P0ACB2,P0ACB2,0.57,4
Q974C9,Q974C9,0.53,3
A0A0F6AR69,A0A0F6AR69,0.87,2
Q12284,Q12284,0.67,2
P0C0Y5,P0C0Y5,0.58,2
Q581Y0,Q581Y0,0.65,3
P29391,P29391,0.2,2
Q9WXT2,Q9WXT2,0.33,4
P49235,P49235,0.76,5
P13254,P13254,0.95,5
Q9HTJ1,Q9HTJ1,0.48,6
Q8KBL4,Q8KBL4,0.55,2
I6XHI4,I6XHI4,0.62,3
Q7BJX9,Q7BJX9,0.86,8
P20646,P20646,0.45,2
P49302,P49302,0.19,2
Q9Y3Q0,Q9Y3Q0,0.6,4
Q4U331,Q4U331,0.47,3
Q8BH64,Q8BH64,0.64,2
Q53WA6,Q53WA6,0.4,2
O25025,O25025,0.93,2
I6ZQW6,I6ZQW6,0.14,2
O26249,O26249,0.92,5
Q9RFN3,Q9RFN3,0.71,3
P53860,P53860,0.7,3
Q63009,Q63009,0.55,4
P61136,P61136,0.46,2
Q8EJW4,Q8EJW4,0.76,2
P27111,P27111,0.31,2
Q72KX8,Q72KX8,0.8,2
P40149,P40149,0.36,6
P13000,P13000,0.79,13
A0A0C6DRW4,Q64F43,0.86,4
O08349,O08349,0.53,2
Q5KW80,Q5KW80,0.81,3
Q7DDR9,Q7DDR9,0.44,2
O57797,O57797,0.45,2
A0ZZH6,A0ZZH6,0.91,3
Q2YRK4,Q2YRK4,0.93,2
Q53W25,Q53W25,0.28,2
Q5HCZ5,Q5HCZ5,0.23,2
P10600,P10600,0.95,2
Q6N5P6,Q6N5P6,0.9,4
A0A0H3LT39,A0A0H3LT39,0.51,2
P00446,P00446,0.7,3
Q97UA0,Q97UA0,0.46,6
Q53793,Q53793,0.83,3
Q704D1,Q704D1,0.39,2
O58691,O58691,0.19,2
P0A6D0,P0A6D0,0.9,3
P9WQD9,P9WQD9,0.87,13
Q834R3,Q834R3,0.33,2
O54440,G3XDA2,0.48,3
P12256,P12256,0.56,6
Q51742,Q51742,0.89,2
Q2V8W4,Q2V8W4,0.67,2
P59009,P59009,0.68,2
Q9RHA2,Q9RHA2,0.47,2
Q8KNF6,Q8KNF6,0.51,2
P60864,P60864,0.92,5
Q9I2Y2,Q9I2Y2,0.27,2
O93724,O93724,0.29,2
P29082,P29082,0.19,4
P08773,P08773,0.24,3
Q5NGE9,Q5NGE9,0.27,2
O25099,O25099,0.83,2
Q9HLQ2,Q9HLQ2,0.15,2
Q82Y41,Q82Y41,0.57,9
P00952,P00952,0.28,2
Q2G506,Q2G506,0.71,4
P58329,P58329,0.48,4
P96907,P96907,0.66,5
P61812,P61812,0.28,2
Q93ZN9,Q93ZN9,0.8,9
Q16222,Q16222,0.86,4
Q8VDF3,Q8VDF3,0.42,3
O73944,O73944,0.66,9
Q82134,Q82134,0.39,4
Q831P9,Q831P9,0.8,3
Q10356,Q10356,0.32,3
Q180K0,Q180K0,0.34,2
B0F481,B0F481,0.66,2
B4XMC6,B4XMC6,0.16,2
P03528,P03528,0.51,2
Q86U42,Q86U42,0.7,2
"P31808,A0A0H2UYY2",P31808,0.66,7
Q81HW2,Q81HW2,0.4,6
A0A0H2US48,A0A0H2US48,0.2,2
P07026,P07026,0.67,2
A3SNF7,A3SNF7,0.39,2
Q965D7,Q965D7,0.99,5
Q5SHC7,P83819,0.89,2
Q71AW2,Q71AW2,0.61,2
Q97VM5,Q97VM5,0.77,2
P39058,P39058,0.62,3
P30838,P30838,0.31,5
P04190,P04190,0.31,2
P54616,P54616,0.93,2
Q9WZL4,Q9WZL4,0.62,3
P17297,P17297,0.53,10
P00383,P00383,0.51,2
Q20NS3,Q20NS3,0.84,2
Q15691,Q15691,0.62,2
Q2YQN9,Q2YQN9,0.51,2
Q9Y3Z3,Q9Y3Z3,0.84,27
P62554,P62554,0.29,2
Q20R18,Q20R18,0.2,2
"Q53I19,Q70626","Q53I19,Q70626",0.26,2
P63820,P63820,0.58,3
P9WKD7,P9WKD7,0.47,6
A9IWN6,C6AER9,0.51,2
A3MUJ4,A3MUJ4,0.12,2
P02775,P02775,0.56,2
Q9JZJ4,Q9JZJ4,0.32,2
Q8II92,Q8II92,0.63,4
Q4JC35,Q4JC35,0.38,3
Q6NGS1,Q6NGS1,0.54,2
Q75TD0,Q75TD0,0.32,2
Q5SK28,Q5SK28,0.4,2
P06744,P06744,0.71,5
Q07343,Q07343,0.74,2
P46580,P46580,0.83,2
"P0C6X9,Q9J3E8","P0C6X9,Q9J3E8",0.43,2
O66513,O66513,0.26,3
P36151,P36151,0.52,2
O06961,O06961,0.67,14
P00572,P00572,0.84,3
P97477,P97477,0.15,2
Q52428,Q52428,0.4,4
O32253,O32253,0.4,2
Q44048,Q44048,0.37,3
C0IR58,C0IR58,0.56,6
O57693,O57693,0.48,8
P09373,P09373,0.42,7
Q8RJ47,Q8RJ47,0.14,2
O67323,O67323,0.58,2
Q7M523,Q7M523,0.44,4
P37062,P37062,0.72,8
P0CG30,P0CG29,0.47,4
F2Z288,F2Z288,0.37,4
C5ATQ9,C5ATQ9,0.58,2
C7FH46,C3W5S3,0.3,6
Q9PTT3,Q9PTT3,0.66,4
Q12405,Q12405,0.75,2
P0A9H3,P0A9H3,0.54,2
D3DFG8,D3DFG8,0.43,2
P35247,P35247,0.94,7
P0DKI3,P0DKI3,0.29,2
Q5SM30,Q5SM30,0.56,2
P54687,P54687,0.54,4
A3SNG0,A3SNG0,0.71,2
P0AE01,P0AE01,0.49,2
Q21HB2,Q21HB2,0.29,2
Q5SKH6,Q5SKH6,0.37,2
P34629,P34629,0.15,2
P0DJQ3,P0DJQ3,0.44,2
Q81WF6,Q81WF6,0.96,2
P02792,P02792,0.52,3
Q8ZM67,Q57K43,0.46,2
P9WNE1,P9WNE1,0.66,2
P0DPC1,P0DPC1,0.19,2
P68187,P68187,0.55,2
Q39054,Q39054,0.65,6
P9WIC1,P9WIC1,0.78,2
P09624,P09624,0.62,2
A6T989,A6T989,0.95,2
Q9P2T1,Q9P2T1,0.91,3
P73922,P73922,0.35,2
Q81P86,Q81P86,0.99,7
P17169,P17169,0.35,3
P83772,P83772,0.71,12
Q9KLB0,Q9KLB0,0.84,2
Q96X16,Q96X16,0.2,3
Q5SII2,Q5SII2,0.11,2
Q5NFM5,Q5NFM5,0.97,3
Q6PHW0,Q6PHW0,0.81,2
Q6REQ5,Q6REQ5,0.53,2
A4SNL2,A4SNL2,0.34,2
P07195,P07195,0.56,2
P11759,P11759,0.5,3
Q6ZMT4,Q6ZMT4,0.35,2
Q8TCD5,Q8TCD5,0.45,2
Q9ALM9,Q9ALM9,0.84,2
Q02899,Q02899,0.55,3
D3V0W1,D3V0W1,0.67,2
P0A790,P0A790,0.81,2
O31616,O31616,0.61,4
Q2HJH1,Q2HJH1,0.54,2
Q8EIU4,Q8EIU4,0.46,2
P00349,P00349,0.35,5
B9JNP7,B9JNP7,0.2,2
A4ZPY8,A4ZPY8,0.27,2
Q5SLS3,Q5SLS3,0.56,3
Q64105,Q64105,0.27,3
Q16853,Q16853,0.71,10
P0A9W9,P0A9W9,0.63,2
O58720,O58720,0.66,6
Q5SLF2,Q5SLF2,0.17,2
Q5LKQ8,Q5LKQ8,0.45,2
P9WI55,P9WI55,0.75,3
no/data,Q5NGQ3,0.73,6
O75469,O75469,0.6,2
Q5SL84,Q5SL84,0.65,3
P56839,P56839,0.75,5
P13702,P13702,0.32,2
Q84MC2,Q84MC2,0.45,2
Q837J0,Q837J0,0.53,2
P15214,P15214,0.36,2
P35914,P35914,0.82,3
Q6ST21,Q6ST21,0.86,5
O58843,O58843,0.35,3
Q89FH0,Q89FH0,0.55,2
Q2KDX6,Q2KDX6,0.18,3
Q9N1E2,Q9N1E2,0.65,7
Q93LD7,Q93LD7,0.79,17
Q73WU1,Q73WU1,0.72,5
P0AGL2,P0AGL2,0.4,4
P0A731,P0A731,0.57,5
P94255,Q7W557,0.91,3
P03369,P03369,0.39,2
Q27679,Q27679,0.6,4
P19478,P19478,0.43,4
P94692,P94692,0.51,10
P56156,P56156,0.37,2
P0A6L4,P0A6L4,0.8,22
P60844,P60844,0.66,9
O58368,O58368,0.42,2
Q5SMG8,Q5SMG8,0.94,2
Q9Y8H8,Q9Y8H8,0.35,3
Q9X0D0,Q9X0D0,0.96,5
Q9UJM8,Q9UJM8,0.74,5
P49040,P49040,0.8,2
Q836G9,Q836G9,0.95,2
P50910,P50910,0.11,2
A3E7Z7,A3E7Z7,0.36,2
P0CI79,P0CI79,0.8,3
P07097,P07097,0.92,21
P07511,P07511,0.87,5
D2BLA0,D2BLA0,0.25,2
Q99497,Q99497,0.59,37
Q93099,Q93099,0.63,2
Q9WZC3,Q9WZC3,0.44,3
P11586,P11586,0.16,4
P19478,P19478,0.24,2
P13398,P13398,0.16,2
P83194,P83194,0.81,14
P77398,P77398,0.22,2
P54965,P54965,0.68,5
Q4DA54,Q4DA54,0.72,2
O29141,O29141,0.35,2
O26708,O26708,0.85,4
P20047,P20047,0.98,2
Q9ZAG3,Q9ZAG3,0.92,2
P22972,P22972,0.68,2
P28248,P28248,0.36,4
Q96ZY1,Q96ZY1,0.57,7
P80041,P80041,0.33,2
Q5SI28,Q5SI28,0.83,2
P60487,P60487,0.45,2
Q8U8Z6,Q8U8Z6,0.26,2
Q1GAA2,Q1GAA2,0.35,2
P32170,P32170,0.46,3
A8CF85,A8CF85,0.7,6
no/data,P9WML9,0.23,2
P40416,P40416,0.33,2
Q7S6N4,Q7S6N4,0.36,3
Q5SLQ6,Q5SLQ6,0.64,2
C5YH12,C5YH12,0.92,2
P04133,P04133,0.35,2
P68928,P68928,0.7,2
P46072,P46072,0.32,3
O35423,O35423,0.54,2
P9WQ81,P9WQ81,0.76,12
Q8E0N2,Q8E0N2,0.79,2
A4HSF7,A4HSF7,0.62,6
P9WPZ9,P9WPZ9,0.64,3
P49903,P49903,0.77,2
Q2Q449,Q2Q449,0.6,3
Q5SL73,Q72LK7,0.49,2
Q5SKL8,Q5SKL8,0.55,2
O57950,O57950,0.46,2
P44569,P44569,0.7,2
Q8YLF9,Q8YLF9,0.49,2
Q12634,Q12634,0.39,4
P80484,P80484,0.15,4
Q643B8,Q643B8,0.2,2
P33284,P33284,0.43,2
P07374,P07374,0.21,2
Q9SLV5,Q9SLV5,0.18,2
P09467,P09467,0.84,15
P00488,P00488,0.79,7
P50389,P50389,0.92,9
P0A794,P0A794,0.89,6
P0AFP6,P0AFP6,0.27,2
no/data,P06794,0.39,2
Q9BV20,Q9BV20,0.32,2
P07222,P07222,0.69,2
Q4K977,Q4K977,0.95,5
P35505,P35505,0.58,5
A0A075B5H4,A0A096LNF1,0.9,3
Q8EKM7,Q8EKM7,0.95,3
P0C6U8,P0C6U8,0.85,2
no/data,no/data,0.39,2
Q16772,Q16772,0.32,2
Q384V4,Q384V4,0.25,2
Q54AD6,Q54AD6,0.46,2
P04545,P04545,0.53,2
B5ZA76,B5ZA76,0.27,2
Q99YS8,Q99YS8,0.37,3
P11172,P11172,0.67,9
Q8ILA4,Q8ILA4,0.71,2
O57980,O57980,0.42,3
O27564,O27564,0.99,2
P0AFI7,P0AFI7,0.95,7
A0A067XG64,A0A067XG64,0.3,2
P80735,P80735,0.58,6
A0A1S0QXP6,A0A1S0QXP6,0.19,2
Q7TS55,Q7TS55,0.34,4
P44801,P44801,0.64,12
Q9P2W7,Q9P2W7,0.38,3
Q9WZQ4,Q9WZQ4,0.45,2
O92956,O92956,0.54,3
O06543,O06543,0.46,7
P39646,P39646,0.61,2
O00244,O00244,0.52,4
Q8ZNF9,P77215,0.45,7
P32884,Q9Q2W5,0.3,2
Q9UK05,Q9UK05,0.95,2
Q67PY4,Q67PY4,0.68,4
P16932,P16932,0.61,13
P27443,P27443,0.35,2
P08263,P08263,0.49,3
Q8L568,Q8L568,0.74,3
P15559,P15559,0.59,12
Q48935,Q48935,0.29,3
Q7CU39,Q7CU39,0.27,2
B8FW00,B8FW00,0.58,3
P52679,P52679,0.31,3
K7N5N3,K7N5N3,0.31,7
D0VWY5,D0VWY5,0.39,2
Q56R04,Q56R04,0.6,2
P23254,P23254,0.42,7
no/data,no/data,0.46,2
no/data,P01709,0.97,3
O28028,O28028,0.72,2
P9WMK9,P9WMK9,0.23,2
P03265,P03265,0.46,2
O59595,O59595,0.33,2
P80857,P80857,0.31,2
B3EY95,B3EY95,0.75,11
Q9PPK3,A1VZ59,0.43,3
Q99YP5,Q99YP5,0.42,2
Q9H6P5,Q9H6P5,0.8,4
Q8KLK7,Q8KLK7,0.51,2
P84801,P84801,0.58,7
Q5UVJ4,O26061,0.75,2
Q8PSW8,Q8PSW8,0.41,3
Q1QZR9,Q1QZR9,0.2,2
O64903,O64903,0.28,2
Q9U6Y4,Q9U6Y4,0.75,3
Q0J8A4,Q0J8A4,0.6,3
P24630,Q31QJ2,0.97,11
Q6VPE5,Q6VPE5,0.93,4
O67082,O67082,0.9,3
Q8A860,Q8A860,0.15,2
Q9ZAI3,P37031,0.73,12
Q9HUU7,A6VCX3,0.7,4
W6EQP0,W6EQP0,0.53,5
Q09065,Q09065,0.56,3
B4ETT2,B4ETT2,0.48,2
P04850,P04850,0.18,6
P60757,P60757,0.45,2
Q6UCJ9,Q6UCJ9,0.66,4
P67653,P67653,0.69,6
P34914,P34914,0.54,4
O29976,O29976,0.49,2
O43252,O43252,0.37,3
Q9Y2Z4,Q9Y2Z4,0.6,2
O27564,O27564,0.52,9
Q94FV7,Q94FV7,0.42,3
P02213,P02213,0.74,64
P28305,P28305,0.53,3
Q88E47,Q88E47,0.3,3
P21549,P21549,0.79,6
Q4WH08,Q4WH08,0.32,2
Q98157,Q98157,0.64,2
Q57VC7,Q57VC7,0.24,5
P00273,P00273,0.31,3
P47228,P47228,0.55,6
P80030,P80030,0.67,4
Q07599,Q0A480,0.68,18
Q970Q8,Q970Q8,0.42,2
Q9FLI7,Q9FLI7,0.4,2
Q9X4K7,Q9X4K7,0.68,8
P26315,P03322,0.29,2
Q8KRU6,Q8KRU6,0.29,2
Q7NSA6,Q7NSA6,0.19,2
Q5L1X8,A4IL26,0.35,6
P83690,P83690,0.52,6
Q81L82,Q81L82,0.9,2
P56206,P56206,0.46,2
P80734,P80734,0.35,5
Q9X034,Q9X034,0.26,3
P38502,P38502,0.59,3
P39485,P39485,0.58,5
O30207,O30207,0.5,2
Q9T0I8,Q9T0I8,0.75,5
P0C2P0,P0C2P0,0.67,6
Q79PF4,Q79PF4,0.65,13
Q8ZVF7,Q8ZVF7,0.37,2
Q9RHV9,Q9RHV9,0.6,3
P9WPZ1,P9WPZ1,0.32,3
P60849,P60849,0.92,2
Q6GIA4,Q8NXE2,0.43,2
Q5KZU5,Q5KZU5,0.94,16
P08854,P08854,0.43,3
Q9Y2T3,Q9Y2T3,0.86,3
Q6LFH8,Q07805,0.69,2
Q381H3,Q381H3,0.9,4
P26841,P26841,0.26,2
P35228,P35228,0.72,4
Q9KWY4,Q9KWY4,0.29,3
Q0FPQ4,Q0FPQ4,0.32,2
Q9HY79,Q9HY79,0.9,10
P02767,P07309,0.95,5
Q60034,Q60034,0.72,2
O05521,O05521,0.47,2
Q15118,Q15118,0.62,3
Q9BYV9,Q9BYV9,0.31,2
Q9A9H3,Q9A9H3,0.56,3
F9UM74,F9UM74,0.23,2
B3U4H7,B3U4H7,0.84,9
Q9ALN7,Q9ALN7,0.48,2
P62368,P62368,0.4,2
Q53U84,Q53U84,0.41,3
P25053,P25053,0.46,2
P31151,P31151,0.85,7
P95780,Q8GIP9,0.47,4
no/data,A0A0H3G6B0,0.7,2
Q51645,Q51645,0.49,2
Q8NS38,Q8NS38,0.59,2
P09147,P09147,0.95,16
P00963,P00963,0.33,2
A1AA28,A1AA28,0.58,4
Q5KXG9,Q5KXG9,1.0,2
Q8II73,Q8II73,0.88,7
F9VNT4,F9VNT4,0.88,10
Q6Q272,Q6Q272,0.33,3
Q6CP22,Q6CP22,0.41,2
M4GGR5,M4GGR8,0.76,9
O29285,O29285,0.19,4
P0A6Q3,P0A6Q3,0.33,2
P22434,P22434,0.27,2
P05091,P05091,1.0,26
Q13363,Q9Z2F5,0.57,5
P04179,P04179,0.83,25
Q95ZD7,Q95ZD7,0.85,2
Q05213,Q05213,0.3,2
P02886,P02886,0.42,4
P0ACP7,P0ACP7,0.46,2
Q9U9J6,Q9U9J6,0.24,2
Q12178,Q12178,0.49,6
P00523,P00523,0.22,2
Q6DNF2,Q6DNF2,0.15,2
P29283,P29283,1.0,3
Q5SJ28,Q5SJ28,0.41,2
A0A0E1CHI1,A0A0E1CHI1,0.48,2
P37672,P37672,1.0,2
P82205,P82205,0.52,2
P26466,P26466,0.12,2
P49748,P49748,0.16,2
Q5SJY9,Q5SJY9,0.31,4
A0A384KXA3,A0A384KXA3,0.73,2
P06721,P06721,0.42,6
Q8I3X4,Q8I3X4,0.62,3
Q9WZC2,Q9WZC2,0.14,2
C5MR76,C5MR76,0.25,2
Q57ES7,Q57ES7,0.86,2
Q9X0L2,Q9X0L2,0.53,2
O67610,O67610,0.15,2
P43250,P43250,0.38,2
Q81E32,Q81E32,0.27,2
Q2T1L0,Q2T1L0,0.95,2
P00359,P00359,0.66,2
C7FH46,F8UU09,0.6,4
P20711,P20711,0.47,3
Q16698,Q16698,0.51,3
A0A0H2YRZ7,A0A0H2YRZ7,0.77,2
P49366,P49366,0.4,4
A0A3Q0KZG4,A0A3Q0KZG4,0.44,2
D6PAH1,D6PAH1,0.18,7
Q07982,Q07982,0.34,2
A4ZF98,A4ZF98,1.0,8
I6L8L2,I6L8L2,0.5,3
Q9R381,Q9R381,0.94,3
P0A6B4,P0A6B4,0.22,3
O28769,O28769,0.67,2
Q00796,Q00796,0.36,3
Q02219,Q02219,0.28,2
P04181,P04181,0.49,6
Q979W2,Q979W2,0.56,3
P27707,P27707,0.45,2
C4LWW8,C4LWW8,0.7,2
P30046,P30046,0.35,3
P56427,P56427,0.69,2
P42216,P42216,0.96,7
Q81UV8,Q81UV8,0.42,2
O97447,O97447,0.98,6
Q41159,Q41159,0.12,2
Q03629,Q03629,0.67,2
Q8SSM8,Q8SSM8,0.39,3
Q9KQG2,Q9KQG2,0.61,5
no/data,P0A729,0.69,2
P13100,P13100,0.77,2
P09394,P09394,0.56,2
P80147,P80147,0.33,4
P41409,P41409,0.39,2
P07275,P07275,0.3,2
O14556,O14556,0.36,2
B4EAU4,B4EAU4,0.44,2
Q8KFD9,Q8KFD9,0.62,2
Q5SMG8,Q5SMG8,0.48,3
O85353,O85353,0.21,5
I6NNE1,I6NNE1,0.29,2
B7TVP1,B7TVP1,0.76,4
P74416,P74416,0.7,3
P00727,P00727,0.81,7
O35002,O35002,0.76,2
O15350,O15350,0.83,2
P9WNH1,P9WNH1,0.85,2
Q9BX68,Q9BX68,0.51,4
Q4QEW7,Q4QEW7,0.7,8
P51693,P51693,0.59,3
P45510,P45510,0.39,2
P42084,P42084,0.19,2
P00371,P00371,0.71,4
Q96329,Q96329,0.58,2
Q09LX0,Q09LX0,0.32,2
Q8L3X9,Q8L3X9,0.21,2
J9PBQ8,J9PBQ8,0.48,2
B1XLD2,B1XLD2,0.69,2
P01732,no/data,0.97,2
O14684,O14684,0.17,2
P9WPQ5,P9WPQ5,0.31,2
Q9EV83,Q9EV83,0.44,3
P06745,P06745,0.64,12
Q5NF57,Q5NF57,0.58,2
Q6T1W8,Q6T1W8,0.3,4
A5KBL5,A5KBL5,0.72,2
P71875,P71875,0.42,2
P96112,P96112,0.48,3
P18843,P18843,0.86,5
P61459,P61459,0.82,4
M1VAN7,M1VAN7,0.45,2
no/data,no/data,0.42,5
Q9NPJ3,Q9NPJ3,0.58,2
Q5P5I4,Q5P5I4,0.56,2
Q970D9,Q970D9,0.89,2
O58689,O58689,0.91,3
P00722,P00722,0.91,37
Q8DNX4,Q8DNX4,0.29,3
Q29460,Q29460,0.42,5
Q82UI9,Q82UI9,0.4,2
G1UB44,G1UB44,0.39,3
Q1WQU8,Q1WQU8,0.29,2
O15564,A2FEV4,0.16,2
Q99T13,Q99T13,0.11,2
Q9HA47,Q9HA47,0.37,2
P16528,P16528,0.21,2
P69902,P69902,0.83,6
D2YW44,D2YW44,0.52,2
A0A0J1I0H1,A0A0J1I0H1,0.61,3
P0A6X3,P0A6X3,0.5,2
O58586,O58586,0.22,4
Q96XN9,Q96XN9,0.49,2
B0KAH1,B0KAH1,0.26,2
P0AB80,P0AB80,0.68,6
Q49610,Q49610,0.47,3
Q60364,Q60364,0.11,2
P69924,P69924,0.77,24
Q9A1S9,Q9A1S9,0.34,2
O43252,O43252,0.57,2
C9DRU9,C9DRU9,0.77,4
Q3IWB0,Q3IWB0,0.39,6
Q05514,Q05514,0.49,4
P13745,P10648,0.64,3
P9WPE1,P9WPE1,0.31,3
P12070,P12070,0.39,17
Q8UB77,Q8UB77,0.34,2
B0VHH0,B0VHH0,0.99,4
B0R2U4,B0R2U4,0.53,2
Q55088,Q55088,0.41,3
P19938,P19938,0.65,9
O30642,O30642,0.22,5
P20000,P20000,0.16,2
no/data,no/data,0.39,2
Q51400,P14489,0.88,12
P20432,P20432,0.25,2
P9WPF1,P9WPF1,0.28,2
P24472,P24472,0.49,2
Q9SD76,Q9SD76,0.44,3
Q9AAR4,Q9AAR4,0.15,2
Q06GJ0,Q06GJ0,0.3,8
P31939,P31939,0.92,3
P22004,P22004,0.47,2
P0AB87,P0AB87,0.79,17
Q9IGQ6,Q9IGQ6,0.55,3
Q9XY07,Q9XY07,0.61,2
P18079,P18079,0.63,3
P37063,P37063,0.77,11
Q975F9,Q975F9,0.45,2
Q9BWD1,Q9BWD1,0.19,2
O58255,O58255,0.75,2
Q51507,Q51507,0.69,2
P9WGK3,P9WGK3,0.73,7
P08362,P08362,0.95,2
P56545,P56545,0.34,2
Q8GPH0,Q8GPH0,0.85,3
P27302,P27302,0.43,4
F9ULL2,F9ULL2,0.81,5
P07797,P07797,0.61,5
P9WFK7,P9WFK7,0.93,5
Q2QJL3,Q2QJL3,0.45,11
P31658,P31658,0.46,2
A6VQF6,A6VQF6,0.54,2
Q8ZM36,Q8ZM36,0.45,2
P59846,P59846,0.46,7
Q2G160,Q2G160,0.55,5
P74133,P74133,0.41,2
Q6WV12,Q6WV12,0.54,2
B1XMM6,B1XMM6,0.43,6
Q5DL24,Q5DL24,0.21,2
Q180W0,Q180W0,0.55,3
Q6SSJ6,Q6SSJ6,0.19,2
A8JI83,A8JI83,0.47,2
R4I4P2,R4I4P2,0.58,3
P21964,P21964,0.26,2
P18485,P18485,0.79,2
B1VB62,B1VB62,0.94,2
P00805,P00805,0.82,7
Q57323,Q57323,0.24,2
Q68FT9,Q68FT9,0.81,3
Q1XH05,Q1XH05,0.24,4
"Q24117,Q9XZ31",Q24117,0.78,4
P03089,P03089,0.21,2
A0A0F7RKU8,A0A0F7RKU8,0.36,4
Q83V33,Q83V33,0.41,8
P17050,P17050,0.34,7
P9WIT9,P9WIT9,0.95,2
Q8TX37,Q8TX37,0.87,3
E0TY72,E0TY72,0.94,2
P33316,P33316,0.19,2
Q97KL0,Q97KL0,0.4,2
Q5SLV2,Q5SLV2,0.51,3
P00280,P00280,0.77,4
Q99259,Q99259,0.62,2
Q9A6Q5,Q9A6Q5,0.62,3
P00943,P00943,0.29,2
Q6T3W5,P14190,0.66,2
P75820,P75820,0.31,2
Q9RS64,Q9RS64,0.38,3
Q9KPM0,Q9KPM0,0.84,3
P02545,P02545,0.65,2
C4YMW2,C4YMW2,0.22,2
P11444,P11444,0.82,8
P70826,P70826,0.88,2
O86043,O86043,0.27,2
Q5S6Z9,Q5S6Z9,0.79,12
B1FXZ2,B1FXZ2,0.21,2
Q9RZA4,Q9RZA4,0.86,2
Q89E26,Q89E26,0.68,4
P38489,P38489,0.58,12
Q48EB9,Q48EB9,0.39,2
Q8N5K1,Q8N5K1,0.58,2
P46088,P46088,0.36,2
P12544,P12544,0.83,2
P0A955,P0A955,0.84,7
Q9X218,Q9X218,0.24,2
P00352,P00352,0.23,4
Q9I5I6,Q9I5I6,0.75,2
Q92ND9,Q92ND9,0.52,2
P08310,Q51958,0.62,5
Q27797,Q27797,0.76,3
Q9I5L8,Q9I5L8,0.83,4
Q14749,Q14749,0.34,2
O69007,O69007,0.64,2
Q5A3V6,Q5A3V6,0.31,4
Q96I15,Q96I15,0.79,2
I6NW33,I6NW33,0.38,3
D6EFA0,Q9XAL8,0.44,4
P39070,P39070,0.83,2
Q9SLN8,Q9SLN8,0.98,3
Q70DX5,Q70DX5,0.31,2
O34340,O34340,0.43,4
P24670,P24670,0.87,5
Q8YWS4,Q8YWS4,0.71,2
P94854,P94854,0.47,2
A0A0H3KB22,A0A0H3KB22,0.26,5
no/data,no/data,0.38,3
Q9XWG3,Q9XWG3,0.29,2
Q8R7R4,Q8R7R4,0.5,3
Q8U3L0,Q8U3L0,0.83,3
Q9HT86,Q9HT86,0.88,3
Q47511,Q47511,0.27,9
Q5SJP3,Q5SJP3,0.53,6
P0A7J0,P66032,0.75,4
Q9UBU8,Q9UBU8,0.67,2
O25581,O25581,0.71,2
P66817,P66817,0.48,2
O50580,A0A0A6YVN8,0.57,6
D3YEX6,D3YEX6,0.33,2
Q93WX6,Q93WX6,0.14,2
P0AES9,P0AES9,0.91,2
Q4PRK9,Q4PRK9,0.26,2
P76129,P76129,0.56,2
A6XNE6,A6XNE6,0.83,3
Q9S5Y7,Q9S5Y7,0.38,3
Q9UYV8,Q9UYV8,0.43,4
P94368,P94368,0.34,10
P76015,P76015,0.58,3
P22629,P22629,0.88,6
P07607,P07607,0.85,6
B1Y9Q9,B1Y9Q9,0.73,2
D5MNX9,D5MNX8,0.43,2
no/data,no/data,0.57,2
C6A190,C6A190,0.28,2
Q84FH6,Q84FH6,0.72,3
P62577,P62577,0.82,4
Q9I4K6,Q9I4K6,0.56,5
P06608,P06608,0.83,8
A4PB64,A4PB64,0.32,3
P50172,P50172,0.49,2
Q9C5U0,Q9C5U0,0.22,3
P39060,P39060,0.72,2
P18708,P18708,0.33,2
Q8EZA6,Q8EZA6,0.49,3
P09211,P09211,0.84,53
P76141,P76141,0.53,3
Q3SJE6,Q3SJE6,0.69,2
Q07422,Q07422,0.23,2
Q97Y68,Q97Y68,0.53,2
P08202,P08202,0.72,3
P00432,P00432,0.61,9
Q396C5,Q396C5,0.14,2
Q9YIC2,Q9YIC2,0.47,7
B6JPK4,B6JPK4,0.11,4
P0A722,P0A722,0.64,5
P25924,P25924,0.44,3
O05701,O05701,0.73,2
Q9KHK2,Q9KHK2,0.44,4
O67528,O67528,0.8,5
Q71RI9,Q71RI9,0.55,4
D2Z028,D2Z028,0.21,2
P9WHE9,P9WHE9,0.94,6
O68100,O68100,0.93,2
Q9HWF9,Q9HWF9,0.5,5
Q9KFI6,Q9KFI6,0.4,5
P11766,P11766,0.97,9
Q7B8P6,Q7B8P6,0.82,5
O41156,O41156,0.91,2
P03712,P03712,0.34,2
P14668,P14668,0.12,2
P07435,P07435,0.42,8
Q8L8B8,Q8L8B8,0.45,2
Q58452,Q58452,0.49,2
P0ABT2,P0ABT2,0.47,9
P10599,P10599,0.94,7
Q91XE4,Q91XE4,0.44,4
Q3LSM4,Q3LSM4,0.2,3
Q93VR3,Q93VR3,0.36,4
P36275,P36275,0.64,2
Q5SH52,Q5SH52,0.3,3
P13689,P13689,0.45,2
O70351,O70351,0.56,3
P22102,P22102,0.96,3
Q04760,Q04760,0.89,7
P28037,P28037,0.82,13
P10802,P10802,0.35,9
Q06S87,Q06S87,0.65,3
P05979,P05979,0.65,25
Q2YMG6,Q2YMG6,0.53,2
P01026,P01026,0.58,2
Q8Y7B7,Q8Y7B7,0.89,3
P08254,P08254,0.71,5
Q2HNZ1,Q2HNZ1,0.37,2
P50740,P50740,0.58,2
O52942,O52942,0.58,3
P31992,P31992,0.65,3
Q6XV46,Q6XV46,0.53,2
Q13485,Q13485,0.62,2
Q81W73,Q81W73,0.32,2
P40399,P40399,0.81,3
Q5SKS4,Q5SKS4,0.27,2
Q2YLR9,Q2YLR9,0.58,2
D9N167,D9N167,0.24,2
P03748,P03748,0.83,2
Q8T6T2,Q5CPK7,0.87,4
Q8P8J5,A0A0H2X6W0,0.13,2
P9WNP5,P9WNP5,0.82,7
O14104,O14104,0.49,2
A6T9E8,A6T9E8,0.35,3
Q9FD73,Q9FD73,0.65,4
P49053,P49053,0.29,2
Q9VI04,Q9VI04,0.83,2
P00484,P00484,0.44,6
E8MF13,E8MF13,0.87,5
P26697,P26697,0.37,4
Q5FL96,Q5FL96,0.9,2
O05510,O05510,0.31,3
B1YAL1,B1YAL1,0.95,6
Q186B7,Q186B7,0.55,8
P16883,P16883,0.15,2
P09148,P09148,0.74,4
O59029,O59029,0.52,2
Q9LCV7,Q9LCV7,0.2,2
Q43607,Q43607,0.76,2
Q5SHH5,Q5SHH5,0.33,3
O58832,O58832,0.39,2
B0SN40,B0SN40,0.8,2
D0E7M2,D0E7M2,0.52,2
P66038,P66038,0.43,2
O27985,O27985,0.55,3
Q8VL32,Q8VL32,0.35,4
A2EGX9,A2EGX9,0.87,9
P06733,P06733,0.26,2
Q9X0D2,Q9X0D2,0.48,2
P12529,P12529,0.26,2
P22629,P22629,0.99,8
F9VMT6,F9VMT6,0.72,2
P56389,P56389,0.39,3
Q58584,Q58584,0.37,2
Q8DIW5,Q8DIW5,0.1,2
P06986,P06986,0.46,6
P0DPR0,P0DPR0,0.54,3
P24752,P24752,0.71,7
P67825,P67825,0.54,3
P33316,P33316,0.63,4
Q8UWK5,Q8UWK5,0.42,3
P38501,P38501,0.49,39
P22441,P22441,0.58,3
Q53239,Q53239,0.64,8
Q9WY07,Q9WY07,0.46,2
P25553,P25553,0.75,4
Q5HG25,Q6GH13,0.47,3
A0A0H2UP35,A0A0H2UP35,0.26,2
O24990,O24990,0.28,2
Q9U5N6,Q9U5N6,0.56,4
Q9I700,Q9I700,0.23,2
Q9Y239,Q9Y239,0.87,2
A0A0F7RI56,A0A0F7RI56,0.5,2
A3MU08,A3MU08,0.68,3
Q45697,Q45697,0.31,2
P00497,P00497,0.77,2
O95271,O95271,0.25,2
O58246,O58246,0.23,3
P31243,P31243,0.97,2
Q8KKG0,Q8KKG0,0.63,5
O31801,O31801,0.93,6
D0X4R4,D0X4R4,0.32,3
Q9HU04,Q9HU04,0.61,5
C7E5X4,C7E5X4,0.73,2
O09893,O09893,0.61,3
O34919,O34919,0.77,5
Q948P5,Q948P5,0.27,2
A9X9K8,no/data,0.56,4
Q9X5C9,Q9X5C9,0.7,4
O52552,O52552,0.32,2
Q9A0M7,Q9A0M7,0.72,6
P07254,P07254,0.65,2
Q7DKE4,Q7DKE4,0.19,2
P10584,P10584,0.56,9
Q92PC8,Q92PC8,0.5,3
Q8RLY5,Q8RLY5,0.5,5
P0AEZ1,P0AEZ1,0.74,2
Q9HYA2,Q9HYA2,0.74,2
no/data,no/data,0.13,2
Q8DRB3,Q8DRB3,0.53,2
P84140,P84140,0.4,3
Q9VGA1,Q9VGA1,0.46,2
no/data,no/data,0.73,2
Q9L1K2,Q9L1K2,0.81,8
Q26998,Q26998,0.52,6
Q9WZZ1,Q9WZZ1,0.41,2
Q64PD9,Q64PD9,0.48,2
Q7M181,Q7M181,0.31,3
P80725,P80725,0.81,5
Q8Y6T2,Q8Y6T2,0.87,2
Q8VPD4,Q8VPD4,0.17,4
Q9X5F2,Q9X5F2,0.55,2
Q7L266,Q7L266,0.95,13
P04637,P04637,0.63,2
P04693,P04693,1.0,2
Q4K9X1,Q4K9X1,0.45,3
P25006,P25006,0.81,16
"P42270,Q46982","P42270,Q46982",0.75,3
P0C6D3,P0C6D3,0.2,2
P9WP21,P9WP21,0.39,2
O75521,O75521,0.6,4
P24228,P24228,0.67,3
B4Y381,B4Y381,0.81,2
C1DM33,C1DM33,0.35,2
P0A7C2,P0A7C2,0.96,2
Q7MBY8,Q7MBY8,0.49,2
P0AD61,P0AD61,0.77,3
P95607,P95607,0.71,10
O31662,O31662,0.63,2
Q9SP37,Q9SP37,0.31,3
P0C890,"P80039,P0C890",0.87,2
A0R3J1,A0R3J1,0.16,2
P0ABD3,P0ABD3,0.82,14
Q96UT6,Q96UT6,0.46,2
Q9M6U3,Q9M6U3,0.82,4
P03088,P03088,0.31,2
Q44212,Q44212,0.93,2
O60760,O60760,0.92,18
Q7NX84,Q7NX84,0.12,2
P09951,P09951,0.7,2
Q4K5L5,Q4K5L5,0.36,3
"P0A6A8,P0AEK4",P0AEK4,0.94,16
"F0L8Z6,Q8UGL3","F0L8Z6,Q8UGL3",0.33,3
P03087,P03087,0.43,2
P77239,P77239,0.81,2
Q9V228,Q9V228,0.41,6
I1KHY6,I1KHY6,0.53,3
Q8CHT0,Q8CHT0,0.78,9
Q9HIA5,Q9HIA5,0.59,2
Q9XB60,Q9XB60,0.8,2
A0A0H2ZD27,A0A0H2ZD27,0.37,13
P50440,P50440,0.82,4
Q9NUI1,Q9NUI1,0.18,2
P11544,P11544,0.98,3
A4PIA0,A4PI98,0.76,2
Q6MPX4,Q6MPX4,0.94,3
Q8T6B1,Q8T6B1,0.48,3
P0C6T4,P0C6T4,0.37,2
P15266,P15266,0.35,3
P18075,P18075,0.5,2
Q8PNC2,Q8PNC2,0.67,3
Q84527,Q84527,0.5,2
Q9BX68,Q9BX68,0.31,2
Q9UHL4,Q9UHL4,0.34,2
Q86SB3,Q86SB3,0.18,2
no/data,A5I6N2,0.64,2
P60355,P60355,0.29,3
P20035,P20035,0.53,3
Q5SJP7,Q5SJP7,0.22,3
Q5W503,A0A0B4J186,0.55,2
G1K3P5,G1K3P5,0.42,2
Q5L1E2,Q5L1E2,0.85,3
Q8WSF8,Q8WSF8,0.51,2
O29689,O29689,0.19,2
P22498,P22498,0.57,7
Q2G1A5,Q2G1A5,0.65,2
P58315,P58315,0.5,5
Q14195,Q14195,0.49,3
Q9E7M1,Q9E7M1,0.33,2
Q97W95,Q97W95,0.89,4
P07862,P07862,0.5,2
O53665,O53665,0.78,5
O67069,O67069,0.31,4
Q8WZC9,Q8WZC9,0.48,2
D0VWV0,Q4QGT7,0.29,2
Q9NWU1,Q9NWU1,0.49,3
P29422,P29422,0.28,4
P81371,P81371,0.24,2
Q7CUX4,Q7CUX4,0.58,3
Q9RUV2,Q9RUV2,0.43,3
Q8U0A9,Q8U0A9,0.31,2
P0A6R0,P0A6R0,0.85,10
P81517,J9PBR3,0.84,4
P25974,P25974,0.8,3
Q9CKB0,Q9CKB0,0.42,5
P46406,P04406,0.95,7
A4YI54,A4YI54,0.9,2
Q5SLC3,Q5SLC3,0.58,2
P0AGJ9,P0AGJ9,0.91,6
P9WJJ7,P9WJJ7,0.71,4
Q4D3W2,Q4D3W2,0.81,35
Q5SJP8,Q5SJP8,0.86,6
Q97H22,Q97H22,0.45,2
B5XYG3,B5XYG3,0.97,2
P0DJA2,P0DJA2,0.3,2
Q5SWZ9,Q5SWZ9,0.27,2
P04776,P04776,0.33,3
Q65CJ7,Q65CJ7,0.69,2
Q9ZPL5,Q9ZPL5,0.41,4
A0A0H2UR04,A0A0H2UR04,0.74,3
O31728,O31728,0.83,2
P12955,P12955,0.23,2
Q9ZGH4,Q9ZGH4,0.43,2
Q8DT00,Q8DT00,0.45,4
P46427,P46427,0.34,2
Q9JLT4,Q9JLT4,0.55,3
Q4FP21,Q4FP21,0.26,3
Q1AN22,Q1AN22,0.39,3
Q8NU77,Q8NU77,0.92,3
C1DMY1,C1DMY1,0.44,2
Q8Y5K1,Q8Y5K1,0.73,2
A0A0J9X1Y2,A0A0J9X1Y2,0.36,5
P9WNN9,P9WNN9,0.61,5
P9WPF3,P9WPF3,0.56,6
O58441,O58441,0.53,3
P04177,P04177,0.21,2
Q7SIA5,Q7SIA5,0.44,2
P07239,P07239,0.17,2
Q02046,Q02046,0.34,2
Q67XG0,Q67XG0,0.31,2
Q58933,Q58933,0.96,3
P00392,P00392,0.58,4
Q9QYY9,Q9QYY9,0.82,2
Q93K97,Q93K97,0.93,5
Q92947,Q92947,0.47,4
no/data,A0A0F7RI76,0.6,5
P0A108,P0A108,0.53,5
Q53W90,Q53W90,0.65,2
A5ZY13,A5ZY13,0.87,8
Q9PPP5,Q9PPP5,0.54,2
Q8XXK6,D8NA05,0.94,5
D0VWQ1,no/data,0.3,6
P9WNS5,P9WNS5,0.97,2
P56734,P56734,0.43,9
Q86D28,Q86D28,0.24,7
P0ACE7,P0ACE7,0.67,2
A6QHR2,A6QHR2,0.81,4
O29598,O29598,0.32,2
P53555,P53555,0.39,3
Q53464,Q53464,0.7,4
P15570,P15569,0.92,2
A4IK89,A4IK89,0.24,2
Q59334,Q59334,0.35,2
Q9RZ04,Q9RZ04,0.17,3
Q46381,Q46381,0.86,6
Q93Z70,Q93Z70,0.35,2
P04642,P04642,0.54,12
"O43070,Q09683","O43070,Q09683",0.59,2
Q9ES89,Q9ES89,0.85,3
P0A738,P0A738,0.86,2
P75682,P75682,0.19,2
Q13126,Q13126,0.88,8
P96110,P96110,0.56,3
O29362,"Q9YBF1,O29362",0.81,4
Q4JB16,Q4JB16,0.77,2
P0A9D2,no/data,0.54,3
Q16773,Q16773,0.58,8
P17555,P17555,0.48,2
Q2T1A8,Q3JW77,0.74,2
Q5HJD7,Q5HJD7,0.79,3
D6MSX4,D6MSX4,0.67,2
P0A8R0,P0A8R0,0.41,2
Q9NZK5,Q9NZK5,0.21,2
P84612,P84612,0.38,7
O67466,O67466,0.55,3
R4GRT2,R4GRT2,0.77,10
Q72J47,Q72J47,0.14,3
O05935,O05935,0.95,3
Q96LA8,Q96LA8,0.29,2
P0ADU2,P0ADU2,0.26,2
P80366,P80366,0.36,5
P16278,P16278,0.47,8
B3PBE0,B3PBE0,0.41,2
Q88B47,Q88B47,0.48,2
Q6P6M7,Q6P6M7,0.18,2
P78540,P78540,0.2,5
P61112,P61112,0.52,3
Q8G2R2,Q8G2R2,0.3,2
Q890V3,Q890V3,0.54,4
F2QVG4,F2QVG4,0.58,3
Q5L0U0,Q5L0U0,0.85,2
Q9RYA6,Q9RYA6,0.34,2
A7IXR1,A7IXR1,0.52,2
Q8XLZ0,Q8XLZ0,0.32,3
P04584,Q9W9R3,1.0,12
Q9I6K2,Q9I6K2,0.47,2
P23721,P23721,0.29,2
P0A9Z1,P0A9Z1,0.32,2
P22734,P22734,0.25,4
P29715,P29715,0.36,2
A2RUC4,A2RUC4,0.47,2
Q8ZTD8,Q8ZTD8,0.29,2
P23522,P23522,0.38,2
P00442,P00442,0.65,16
O06874,O06874,0.22,2
P66881,P66881,0.67,2
Q9WYA5,Q9WYA5,0.49,2
P08879,P08879,0.15,2
O28840,O28840,0.44,2
O28527,O28527,0.97,3
Q24973,Q24973,0.3,2
"Q9HPW4,B0R5M0","Q9HPW4,B0R5M0",0.96,12
A8EVM5,A8EVM5,0.37,13
Q57679,Q57679,0.27,2
P02943,P02943,0.64,6
Q3J5L6,Q3J5L6,0.98,2
B1VBB0,B1VBB0,0.58,2
Q7V2D3,Q7V2D3,0.42,2
Q8EVF5,Q8EVF5,0.56,2
Q5SGZ2,Q5SGZ2,0.5,3
P32923,P69596,0.67,3
Q5T4W7,Q5T4W7,0.92,2
no/data,no/data,0.22,2
Q5SKN9,Q5SKN9,0.69,3
P16521,P16521,0.76,3
Q8X5X6,Q8X5X6,0.71,3
B3VBK9,B3VBK9,0.25,2
Q206Z5,Q206Z5,0.59,2
P0AEJ8,P0AEJ8,0.77,2
Q26710,Q26710,0.86,3
Q81EE8,Q81EE8,0.48,2
Q8E9N3,Q8E9N3,0.67,7
Q9FD84,Q9FD84,0.17,2
P44539,P44539,0.52,6
P42530,P42530,0.76,4
A0A0J1I2E5,Q81GI3,0.53,2
Q988B8,Q988B8,0.31,4
P0A953,P0A953,0.47,21
Q9KMS8,Q9KMS8,0.49,2
P97084,P97084,0.71,4
Q1JU72,Q1JU72,0.45,2
B2DFG5,B2DFG5,0.26,3
P81065,P81065,0.37,2
Q4KDJ6,Q4KDJ6,0.29,2
P23532,P23532,0.76,2
Q8ZBP7,Q8ZBP7,0.38,2
"P00441,P08228",P08228,0.48,2
P00142,P00142,0.38,2
P11998,P11998,0.71,2
A0A0H3M6W8,A0A0H3M6W8,0.75,2
Q04416,Q04416,0.45,14
P0AFG8,P0AFG9,0.71,11
P22985,P22985,0.56,3
Q7SIA8,Q7SIA8,0.46,2
Q97BK3,Q97BK3,0.49,4
P0A1P6,P0A1P6,0.62,5
Q934H7,Q9ALJ4,0.86,6
O29370,O29370,0.67,2
Q41372,Q41372,0.84,7
Q04894,Q04894,0.84,2
P26392,P26392,0.74,4
A0A0H3JRR0,A0A0H3JRR0,0.21,2
"P43803,P44853",P44853,0.85,2
Q9Y052,Q9Y052,0.88,5
Q52VH2,Q52VH2,0.47,5
O59128,O59128,0.69,2
P0AFI0,P0AFI0,0.21,3
B5BTR7,B5BTT5,0.68,6
Q99ZV9,Q99ZV9,0.65,2
Q93LE9,Q93LE9,0.94,3
Q59931,Q59931,0.73,7
Q9U8X2,Q9U8X2,0.28,3
no/data,Q27552,0.6,7
Q7PRG3,Q7PRG3,0.18,2
P07570,P07570,0.58,16
P56431,P56431,1.0,3
Q3JWH1,A0A0E1SBH3,0.93,2
Q8VK10,Q8VK10,0.98,3
P56122,P56122,0.24,2
P03474,P03474,0.39,7
P44007,P44007,0.65,2
Q5SI58,Q72II0,0.67,2
E9NQ90,E9NQ90,0.33,4
P42328,P42328,0.47,2
P80324,P80324,0.18,2
Q7MUW6,Q7MUW6,0.44,4
P02743,P02743,0.63,11
Q16831,Q16831,0.72,2
Q57265,Q57265,0.39,7
P13081,P13081,0.59,2
P04035,P04035,0.86,22
Q5SIY4,Q5SIY4,0.18,2
Q2YQ74,Q2YQ74,0.17,4
O29903,O29903,0.87,5
Q8PEU1,Q8PEU1,0.4,2
A0A024E3Q2,A0A067Y7N7,0.2,10
D9PZ08,D9PZ08,0.18,2
P9WPP7,P9WPP7,0.37,16
A0K1X3,A0K1X3,0.57,2
Q9S7B5,Q9S7B5,0.82,2
C4LVZ4,C4LVZ4,0.97,3
P00549,P00549,0.91,2
Q8P3K2,Q8P3K2,0.86,4
P19623,P19623,0.62,5
A0A075B5H2,A0A075B5H0,0.85,5
Q9GN60,Q7KIF1,0.78,5
Q99YU7,Q99YU7,0.23,2
A5K2B2,A5K2B2,0.3,4
P19267,P19267,0.7,2
P36186,P36186,0.96,5
Q8DTD1,Q8DTD1,0.2,2
A0A0J9X1M8,A0A0J9X1M8,0.73,2
O75636,O75636,0.33,2
A0A0H3LKK8,A0A0H3LKK8,0.3,2
Q8GME2,Q8GME2,0.48,2
"P0C0S1,Q8R6L9",Q8R6L9,0.76,2
H8WR05,H8WR05,0.17,2
Q9F3A5,Q9F3A5,0.64,2
Q5T1C6,Q5T1C6,0.47,2
Q57872,Q57872,0.89,6
P0C0F4,P0C0F4,0.2,2
Q8U1T8,Q8U1T8,0.61,2
P0ABK9,P0ABK9,0.4,6
Q9ZLB9,Q9ZLB9,0.51,2
Q56257,Q56257,0.35,2
Q6GII7,Q6GII7,0.65,2
Q04299,Q04299,0.67,3
Q3ZDM6,Q3ZDM6,0.15,4
P34913,P34913,0.62,23
Q9WZC6,Q9WZC6,0.5,2
P19992,P19992,0.52,2
Q97W92,Q97W92,0.97,2
C1I202,C1I202,0.45,2
Q9QY93,Q9QY93,0.88,2
Q97Z90,Q97Z90,0.51,2
P0A6Z6,P0A6Z6,0.8,2
Q82VX5,Q82VX5,0.19,3
P9WIB9,P9WIB9,0.48,2
Q2GIL5,Q2GIL5,0.71,2
O31678,O31678,0.35,2
P94678,P94678,0.33,2
G0WXL9,G0WXL9,0.4,2
P56153,P56153,0.85,3
P23872,P23872,0.82,2
O76074,O76074,0.57,2
Q1EQE0,Q1EQE0,0.4,2
P11926,P11926,0.9,3
O29432,no/data,0.8,2
O29428,O29428,0.41,2
Q81JJ9,Q81JJ9,0.78,2
Q8LPW4,Q8LPW4,0.27,3
P9WFF5,P9WFF5,0.33,3
P14941,P14941,0.73,3
Q9WWU5,Q9WWU5,0.77,4
Q977U7,Q977U7,0.41,2
O32080,O32080,0.3,2
O00910,O00910,0.81,2
P0A7I7,P0A7I7,0.63,2
P93031,P93031,0.86,2
P22736,P22736,0.75,3
Q9F9T2,Q9F9T2,0.31,3
P51688,P51688,0.54,2
Q9RW27,Q9RW27,0.34,7
Q9QZM2,Q9QZM2,0.29,2
O59493,O59493,0.58,4
Q81G55,Q81G55,0.16,2
P42404,P42404,0.8,2
W8QL66,W8QL66,0.25,7
O25909,O25909,0.46,3
Q75WK2,Q75WK2,0.99,3
Q9RTX8,Q9RTX8,0.18,2
P04424,P04424,0.57,2
P50921,P50921,0.62,2
D2Y3F4,D2Y3F4,0.92,3
Q9U1E1,Q9U1E1,0.8,3
Q8ZKR2,Q8ZKR2,0.65,3
P65870,P65870,0.6,3
Q5HED1,P63479,0.53,2
A5YBJ8,A5YBJ8,0.35,2
P04574,P04574,0.88,8
O35014,O35014,0.66,2
O58429,O58429,0.41,5
Q7CQU0,P0AC25,0.92,3
Q16875,Q16875,0.77,4
no/data,no/data,0.63,2
P77581,P77581,0.34,3
P40881,P40881,0.14,2
Q9D1A2,Q9D1A2,0.23,2
P04040,P04040,0.42,6
Q44238,Q44238,0.42,2
A8WHX9,A8WHX9,0.77,3
Q84HB8,Q84HB8,0.24,2
D1D8L6,D1D8L6,0.76,2
Q9FV53,Q9FV53,0.49,4
Q9KD11,Q9KD11,0.66,2
A3M4Z0,A3M4Z0,0.62,2
P22862,P22862,0.23,5
Q3F0V8,Q3F0V8,0.73,2
Q07912,Q07912,0.81,2
P90613,P90613,0.82,5
P9WPQ9,P9WPQ9,0.71,4
P11181,P11181,0.55,4
Q2YIM3,Q2YIM3,0.2,2
A0NLY7,A0NLY7,0.23,2
Q5XC60,Q5XC60,0.45,3
no/data,no/data,0.98,3
P24133,P24133,0.52,2
Q9TZZ6,P07805,0.72,5
A0A0H2V833,A0A0H2V833,0.24,2
O50083,O50083,0.3,2
P17424,P17424,0.37,2
Q72CX3,Q72CX3,0.32,3
P23836,P23836,0.91,2
Q59721,Q59721,0.48,2
O87008,O87008,0.33,2
P29736,P29736,0.64,15
Q8VXY9,Q8VXY9,0.36,3
Q51793,Q51793,0.39,5
Q2YQQ9,Q2YQQ9,0.37,5
O66264,O66264,0.29,8
Q833W9,Q833W9,0.71,2
Q9HJ28,Q9HJ28,0.49,4
Q9UKK9,Q9UKK9,0.87,7
P19079,P19079,0.59,4
Q9EQZ5,Q9EQZ5,0.99,4
Q9C4Z5,Q9C4Z5,0.22,2
O15382,O15382,0.91,11
Q47XN7,Q47XN7,0.24,2
Q53W91,Q53W91,0.23,2
P73797,P73797,0.26,2
P0AES2,P0AES2,0.34,4
Q6NAM1,Q6NAM1,0.81,8
A0A0F7RFM6,A0A0F7RFM6,0.63,8
A0A0H2UN19,A0A0H2UN19,0.39,2
A9YN63,A9YN63,0.45,6
P98170,P98170,0.22,2
Q9RKF7,Q9RKF7,0.26,2
O67883,O67883,0.95,4
P14755,P14755,0.25,2
Q9RSM4,Q9RSM4,0.73,2
Q25595,Q25595,0.52,2
Q8GPH6,Q8GPH6,0.59,2
P08515,P08515,0.93,15
A1R958,A1R958,0.14,2
O25286,O25286,0.49,2
P08836,P08836,0.95,4
Q45135,Q45135,0.61,17
P03069,P03069,0.59,3
Q9S5G5,Q9S5G5,0.42,3
P0A7B5,P0A7B5,0.67,2
Q9BPU6,Q9BPU6,0.32,2
Q96554,Q96554,0.57,5
P03366,P0C6F2,0.26,3
Q97DM1,Q97DM1,0.22,2
